orden_corrida,image_id,file_name,block,algorithm,resolution,pck,kp_vis,kp_det,tiempo_ms
1,52413,000000052413.jpg,indoor,blazepose,high,0.0,4,0,13.8
2,323496,000000323496.jpg,outdoor,blazepose,medium,100.0,14,17,69.2
3,125257,000000125257.jpg,outdoor,blazepose,high,100.0,16,17,64.0
4,467176,000000467176.jpg,indoor,movenet,medium,0.0,10,10,230.0
5,422836,000000422836.jpg,indoor,blazepose,high,0.0,8,0,12.2
6,391375,000000391375.jpg,outdoor,movenet,medium,100.0,17,17,19.1
7,215114,000000215114.jpg,indoor,movenet,medium,100.0,6,12,18.4
8,35062,000000035062.jpg,indoor,blazepose,low,0.0,3,0,12.3
9,243867,000000243867.jpg,outdoor,movenet,high,0.0,4,0,21.3
10,377723,000000377723.jpg,outdoor,blazepose,high,0.0,16,0,12.3
11,438862,000000438862.jpg,outdoor,blazepose,high,100.0,15,17,65.6
12,17899,000000017899.jpg,indoor,movenet,high,100.0,9,11,22.6
13,345356,000000345356.jpg,indoor,movenet,low,100.0,9,11,15.1
14,384808,000000384808.jpg,indoor,blazepose,low,100.0,11,17,65.4
15,568584,000000568584.jpg,indoor,blazepose,low,0.0,12,0,12.2
16,565877,000000565877.jpg,indoor,movenet,low,91.67,12,12,20.7
17,128675,000000128675.jpg,outdoor,blazepose,medium,0.0,14,0,64.3
18,500257,000000500257.jpg,indoor,blazepose,low,0.0,13,17,63.6
19,464824,000000464824.jpg,outdoor,movenet,medium,85.71,7,12,22.8
20,56350,000000056350.jpg,indoor,movenet,medium,20.0,15,6,18.4
21,230819,000000230819.jpg,outdoor,blazepose,high,100.0,16,17,64.3
22,210394,000000210394.jpg,outdoor,movenet,high,0.0,14,17,16.8
23,559543,000000559543.jpg,indoor,blazepose,low,100.0,11,17,64.1
24,327306,000000327306.jpg,outdoor,blazepose,high,0.0,4,0,12.5
25,187243,000000187243.jpg,indoor,blazepose,medium,0.0,14,0,12.4
26,99182,000000099182.jpg,indoor,movenet,high,100.0,6,9,15.1
27,122962,000000122962.jpg,indoor,movenet,low,0.0,16,9,17.3
28,226147,000000226147.jpg,indoor,movenet,medium,100.0,11,15,14.6
29,5060,000000005060.jpg,indoor,blazepose,medium,100.0,17,17,64.2
30,166478,000000166478.jpg,indoor,blazepose,high,100.0,13,17,64.5
31,536038,000000536038.jpg,indoor,blazepose,high,100.0,7,17,64.8
32,32038,000000032038.jpg,indoor,movenet,high,0.0,2,4,15.1
33,37670,000000037670.jpg,indoor,blazepose,low,100.0,1,17,63.9
34,501368,000000501368.jpg,indoor,movenet,medium,50.0,4,3,16.3
35,224724,000000224724.jpg,outdoor,movenet,medium,100.0,16,17,15.5
36,498747,000000498747.jpg,indoor,blazepose,low,100.0,9,17,64.3
37,186042,000000186042.jpg,outdoor,blazepose,low,100.0,14,17,65.5
38,160556,000000160556.jpg,indoor,blazepose,low,100.0,8,17,63.9
39,296231,000000296231.jpg,indoor,blazepose,high,0.0,5,0,12.3
40,245320,000000245320.jpg,outdoor,blazepose,high,0.0,14,0,12.1
41,131556,000000131556.jpg,outdoor,movenet,high,100.0,15,17,19.4
42,458255,000000458255.jpg,indoor,blazepose,low,0.0,7,0,12.1
43,99114,000000099114.jpg,outdoor,movenet,high,100.0,15,17,16.7
44,211825,000000211825.jpg,indoor,blazepose,medium,100.0,10,17,64.3
45,299553,000000299553.jpg,outdoor,movenet,high,90.0,10,13,16.9
46,350679,000000350679.jpg,indoor,blazepose,low,35.71,14,17,65.6
47,4765,000000004765.jpg,outdoor,movenet,medium,100.0,15,17,15.6
48,385029,000000385029.jpg,indoor,blazepose,medium,0.0,1,0,12.4
49,570834,000000570834.jpg,outdoor,blazepose,high,0.0,12,0,12.4
50,424349,000000424349.jpg,indoor,blazepose,high,0.0,8,0,12.3
51,341469,000000341469.jpg,outdoor,movenet,medium,100.0,17,17,14.1
52,343937,000000343937.jpg,outdoor,movenet,low,100.0,14,16,14.3
53,260470,000000260470.jpg,outdoor,movenet,high,77.78,9,10,17.2
54,320642,000000320642.jpg,indoor,movenet,medium,92.31,13,14,14.0
55,81738,000000081738.jpg,indoor,movenet,low,0.0,1,0,14.9
56,14226,000000014226.jpg,indoor,movenet,medium,100.0,9,13,14.9
57,344029,000000344029.jpg,outdoor,blazepose,medium,0.0,7,17,63.9
58,2006,000000002006.jpg,outdoor,blazepose,medium,0.0,12,0,12.4
59,84270,000000084270.jpg,indoor,movenet,medium,76.92,13,11,14.8
60,9769,000000009769.jpg,outdoor,movenet,high,100.0,6,13,20.5
61,116439,000000116439.jpg,outdoor,blazepose,medium,100.0,10,17,63.8
62,261982,000000261982.jpg,outdoor,movenet,high,100.0,4,4,14.5
63,573258,000000573258.jpg,outdoor,movenet,high,100.0,14,17,14.9
64,373705,000000373705.jpg,outdoor,blazepose,medium,0.0,10,17,65.9
65,190753,000000190753.jpg,outdoor,blazepose,low,100.0,11,17,64.2
66,206579,000000206579.jpg,indoor,movenet,low,60.0,10,7,14.3
67,472623,000000472623.jpg,outdoor,movenet,low,78.57,14,13,14.5
68,209753,000000209753.jpg,indoor,movenet,high,91.67,12,12,15.6
69,482436,000000482436.jpg,indoor,blazepose,high,0.0,8,17,64.8
70,315492,000000315492.jpg,indoor,blazepose,high,0.0,4,0,12.5
71,245026,000000245026.jpg,indoor,blazepose,low,100.0,9,17,64.7
72,511760,000000511760.jpg,outdoor,movenet,high,90.91,11,16,15.4
73,72281,000000072281.jpg,outdoor,blazepose,high,100.0,17,17,65.2
74,506707,000000506707.jpg,outdoor,blazepose,low,100.0,16,17,64.6
75,547854,000000547854.jpg,indoor,movenet,high,100.0,9,14,15.2
76,271116,000000271116.jpg,indoor,blazepose,low,0.0,12,17,64.2
77,435206,000000435206.jpg,outdoor,blazepose,medium,0.0,11,0,12.3
78,358923,000000358923.jpg,indoor,blazepose,low,100.0,10,17,64.0
79,261318,000000261318.jpg,indoor,movenet,medium,92.31,13,15,15.8
80,570756,000000570756.jpg,outdoor,blazepose,low,0.0,13,0,12.5
81,426376,000000426376.jpg,outdoor,blazepose,high,0.0,15,0,13.1
82,448365,000000448365.jpg,outdoor,movenet,medium,93.75,16,16,15.5
83,369503,000000369503.jpg,indoor,blazepose,medium,0.0,5,0,63.8
84,567886,000000567886.jpg,indoor,movenet,high,0.0,4,1,14.6
85,341828,000000341828.jpg,indoor,movenet,medium,85.71,7,9,15.0
86,499622,000000499622.jpg,outdoor,blazepose,medium,100.0,11,17,64.1
87,414034,000000414034.jpg,indoor,movenet,medium,90.0,10,11,15.7
88,524850,000000524850.jpg,outdoor,blazepose,low,0.0,11,0,12.4
89,426836,000000426836.jpg,outdoor,movenet,low,100.0,12,17,14.9
90,23359,000000023359.jpg,outdoor,blazepose,low,100.0,17,17,63.9
91,229216,000000229216.jpg,indoor,blazepose,medium,90.91,11,17,64.7
92,163746,000000163746.jpg,outdoor,blazepose,low,0.0,16,17,63.8
93,89078,000000089078.jpg,outdoor,movenet,low,100.0,16,17,15.9
94,100723,000000100723.jpg,outdoor,blazepose,medium,0.0,12,0,12.5
95,263679,000000263679.jpg,outdoor,movenet,medium,0.0,13,17,15.1
96,19109,000000019109.jpg,outdoor,movenet,medium,30.0,10,11,15.1
97,279278,000000279278.jpg,outdoor,blazepose,low,0.0,11,0,12.4
98,38829,000000038829.jpg,outdoor,movenet,high,100.0,15,16,15.9
99,258883,000000258883.jpg,indoor,blazepose,low,0.0,2,0,12.0
100,394275,000000394275.jpg,outdoor,movenet,high,0.0,9,15,15.6
101,567640,000000567640.jpg,outdoor,blazepose,high,100.0,15,17,64.0
102,341973,000000341973.jpg,outdoor,movenet,medium,83.33,6,9,14.8
103,184978,000000184978.jpg,outdoor,blazepose,medium,100.0,16,17,65.4
104,154644,000000154644.jpg,indoor,blazepose,low,100.0,9,17,65.2
105,303863,000000303863.jpg,outdoor,movenet,low,0.0,12,17,15.0
106,289343,000000289343.jpg,outdoor,blazepose,low,0.0,15,0,12.9
107,314264,000000314264.jpg,indoor,movenet,high,100.0,11,14,15.8
108,451714,000000451714.jpg,outdoor,movenet,low,100.0,17,17,15.3
109,232692,000000232692.jpg,outdoor,blazepose,high,0.0,14,17,65.2
110,481390,000000481390.jpg,outdoor,blazepose,low,0.0,17,17,64.9
111,55528,000000055528.jpg,indoor,blazepose,medium,100.0,10,17,64.0
112,169076,000000169076.jpg,indoor,movenet,high,0.0,5,5,14.9
113,234607,000000234607.jpg,indoor,blazepose,low,100.0,16,17,63.6
114,98287,000000098287.jpg,outdoor,movenet,low,0.0,15,0,14.5
115,97337,000000097337.jpg,indoor,blazepose,medium,0.0,8,0,12.6
116,545219,000000545219.jpg,outdoor,blazepose,low,0.0,12,17,65.9
117,465822,000000465822.jpg,indoor,blazepose,high,0.0,7,0,12.1
118,432085,000000432085.jpg,indoor,movenet,medium,80.0,5,6,16.4
119,107094,000000107094.jpg,outdoor,blazepose,high,100.0,16,17,65.9
120,310862,000000310862.jpg,indoor,blazepose,high,100.0,5,17,65.5
121,25603,000000025603.jpg,indoor,movenet,low,88.89,9,9,15.0
122,397133,000000397133.jpg,indoor,movenet,low,92.31,13,16,15.2
123,239857,000000239857.jpg,indoor,blazepose,high,100.0,14,17,64.8
124,398377,000000398377.jpg,indoor,blazepose,low,26.67,15,17,65.0
125,447465,000000447465.jpg,outdoor,blazepose,medium,0.0,16,0,12.7
126,86755,000000086755.jpg,outdoor,movenet,medium,100.0,12,17,16.1
127,378515,000000378515.jpg,outdoor,movenet,high,0.0,14,11,15.2
128,59635,000000059635.jpg,outdoor,movenet,medium,0.0,16,17,15.2
129,367228,000000367228.jpg,outdoor,blazepose,low,0.0,10,0,12.2
130,232684,000000232684.jpg,indoor,blazepose,high,100.0,5,17,65.1
131,343149,000000343149.jpg,indoor,blazepose,low,0.0,15,17,64.6
132,17207,000000017207.jpg,outdoor,blazepose,medium,0.0,7,0,12.4
133,110784,000000110784.jpg,outdoor,blazepose,high,100.0,15,17,64.4
134,118921,000000118921.jpg,outdoor,blazepose,high,100.0,17,17,64.4
135,404839,000000404839.jpg,indoor,movenet,low,90.91,11,13,18.8
136,546717,000000546717.jpg,indoor,movenet,high,91.67,12,13,14.5
137,403584,000000403584.jpg,outdoor,blazepose,low,70.0,10,17,63.7
138,446651,000000446651.jpg,outdoor,movenet,medium,100.0,10,11,14.3
139,284445,000000284445.jpg,outdoor,movenet,high,86.67,15,15,14.7
140,185890,000000185890.jpg,indoor,blazepose,high,70.59,17,17,64.1
141,71938,000000071938.jpg,indoor,blazepose,medium,100.0,4,17,65.1
142,458325,000000458325.jpg,outdoor,blazepose,high,100.0,13,17,64.8
143,314177,000000314177.jpg,indoor,movenet,low,100.0,15,16,14.4
144,214869,000000214869.jpg,indoor,movenet,high,0.0,1,1,16.4
145,213035,000000213035.jpg,indoor,blazepose,medium,0.0,2,0,63.8
146,347174,000000347174.jpg,indoor,movenet,medium,71.43,14,12,14.2
147,414385,000000414385.jpg,outdoor,blazepose,medium,100.0,16,17,64.8
148,559160,000000559160.jpg,outdoor,movenet,high,100.0,12,14,14.6
149,297353,000000297353.jpg,indoor,movenet,high,100.0,14,17,14.4
150,422670,000000422670.jpg,indoor,blazepose,high,100.0,7,17,64.7
151,195842,000000195842.jpg,indoor,blazepose,low,100.0,14,17,65.2
152,439854,000000439854.jpg,outdoor,movenet,medium,0.0,13,12,14.6
153,382111,000000382111.jpg,outdoor,blazepose,low,85.71,14,17,63.9
154,288584,000000288584.jpg,indoor,blazepose,high,100.0,14,17,63.4
155,513283,000000513283.jpg,indoor,blazepose,low,0.0,1,0,12.1
156,222735,000000222735.jpg,indoor,blazepose,medium,60.0,5,17,64.3
157,280930,000000280930.jpg,indoor,movenet,medium,100.0,12,15,15.8
158,340894,000000340894.jpg,indoor,movenet,medium,88.89,9,12,15.1
159,144003,000000144003.jpg,indoor,movenet,high,83.33,12,12,15.6
160,268378,000000268378.jpg,indoor,movenet,high,81.82,11,10,15.2
161,199771,000000199771.jpg,indoor,movenet,medium,45.45,11,7,15.2
162,286553,000000286553.jpg,indoor,movenet,medium,18.18,11,12,15.2
163,319100,000000319100.jpg,indoor,movenet,low,78.57,14,13,14.1
164,69213,000000069213.jpg,outdoor,movenet,high,90.91,11,13,14.4
165,527215,000000527215.jpg,outdoor,movenet,low,100.0,11,15,15.7
166,331604,000000331604.jpg,outdoor,blazepose,low,0.0,13,0,62.8
167,454067,000000454067.jpg,indoor,blazepose,high,100.0,9,17,64.3
168,172649,000000172649.jpg,outdoor,movenet,low,56.25,16,10,15.0
169,230008,000000230008.jpg,outdoor,movenet,medium,100.0,9,15,14.8
170,541773,000000541773.jpg,indoor,movenet,high,100.0,8,11,15.2
171,22371,000000022371.jpg,indoor,blazepose,low,100.0,10,17,64.2
172,140203,000000140203.jpg,outdoor,movenet,low,93.75,16,16,14.1
173,396338,000000396338.jpg,outdoor,blazepose,high,0.0,13,0,12.1
174,189752,000000189752.jpg,indoor,movenet,high,33.33,6,11,14.9
175,154358,000000154358.jpg,indoor,movenet,low,0.0,12,14,16.0
176,280779,000000280779.jpg,outdoor,movenet,low,100.0,16,17,15.5
177,150417,000000150417.jpg,indoor,blazepose,medium,100.0,11,17,65.9
178,301061,000000301061.jpg,outdoor,blazepose,high,100.0,5,17,65.3
179,180487,000000180487.jpg,indoor,movenet,low,100.0,10,13,16.4
180,297084,000000297084.jpg,indoor,blazepose,medium,100.0,8,17,64.4
181,426241,000000426241.jpg,indoor,movenet,low,100.0,7,11,16.4
182,381360,000000381360.jpg,outdoor,movenet,low,85.71,14,15,14.9
183,435208,000000435208.jpg,indoor,blazepose,low,0.0,14,0,12.5
184,457078,000000457078.jpg,indoor,movenet,low,75.0,8,7,16.0
185,263068,000000263068.jpg,outdoor,movenet,low,66.67,15,10,15.0
186,334530,000000334530.jpg,outdoor,movenet,low,100.0,17,17,15.3
187,575081,000000575081.jpg,indoor,movenet,medium,86.67,15,15,15.9
188,516677,000000516677.jpg,outdoor,movenet,medium,0.0,15,16,16.5
189,142324,000000142324.jpg,outdoor,blazepose,low,0.0,12,0,12.0
190,286422,000000286422.jpg,outdoor,movenet,medium,100.0,13,17,14.8
191,110449,000000110449.jpg,indoor,movenet,high,33.33,9,11,15.4
192,215723,000000215723.jpg,outdoor,blazepose,medium,100.0,11,17,65.4
193,537506,000000537506.jpg,outdoor,blazepose,low,0.0,10,0,12.2
194,363666,000000363666.jpg,indoor,blazepose,medium,100.0,11,17,64.2
195,336053,000000336053.jpg,indoor,blazepose,medium,100.0,8,17,63.5
196,534673,000000534673.jpg,outdoor,blazepose,medium,0.0,14,0,12.5
197,201426,000000201426.jpg,indoor,blazepose,medium,0.0,10,17,65.7
198,190307,000000190307.jpg,outdoor,blazepose,high,100.0,14,17,65.3
199,168974,000000168974.jpg,indoor,movenet,low,100.0,15,15,15.0
200,273715,000000273715.jpg,outdoor,blazepose,medium,0.0,15,17,63.3
201,513580,000000513580.jpg,outdoor,blazepose,low,0.0,6,0,63.9
202,455301,000000455301.jpg,indoor,blazepose,low,100.0,10,17,64.0
203,356387,000000356387.jpg,outdoor,blazepose,high,0.0,9,0,12.2
204,147729,000000147729.jpg,indoor,movenet,high,40.0,5,3,14.6
205,80932,000000080932.jpg,indoor,blazepose,high,0.0,11,0,12.2
206,322610,000000322610.jpg,outdoor,blazepose,high,0.0,12,0,12.4
207,180383,000000180383.jpg,indoor,blazepose,low,0.0,6,0,12.2
208,239347,000000239347.jpg,indoor,blazepose,medium,100.0,10,17,63.9
209,11149,000000011149.jpg,outdoor,blazepose,medium,0.0,8,0,12.2
210,556000,000000556000.jpg,indoor,blazepose,high,0.0,15,0,12.4
211,474854,000000474854.jpg,indoor,blazepose,low,100.0,10,17,64.5
212,423123,000000423123.jpg,indoor,blazepose,low,100.0,9,17,65.7
213,173830,000000173830.jpg,outdoor,blazepose,high,100.0,14,17,64.8
214,152120,000000152120.jpg,outdoor,movenet,high,90.91,11,13,14.7
215,292236,000000292236.jpg,outdoor,movenet,low,100.0,13,15,14.2
216,393056,000000393056.jpg,outdoor,movenet,high,100.0,11,17,15.9
217,527427,000000527427.jpg,indoor,blazepose,high,100.0,15,17,65.1
218,180101,000000180101.jpg,indoor,blazepose,medium,100.0,11,17,65.0
219,270883,000000270883.jpg,indoor,blazepose,medium,100.0,16,17,64.3
220,4134,000000004134.jpg,indoor,blazepose,medium,0.0,12,17,65.6
221,203629,000000203629.jpg,indoor,movenet,low,91.67,12,12,15.2
222,193717,000000193717.jpg,outdoor,movenet,medium,100.0,13,16,15.5
223,291551,000000291551.jpg,outdoor,movenet,high,100.0,15,17,15.7
224,90956,000000090956.jpg,outdoor,movenet,medium,100.0,16,17,14.3
225,383838,000000383838.jpg,indoor,movenet,high,10.0,10,8,18.5
226,325483,000000325483.jpg,indoor,movenet,low,85.71,14,13,14.4
227,226154,000000226154.jpg,outdoor,movenet,low,0.0,10,14,14.6
228,140640,000000140640.jpg,indoor,movenet,high,83.33,12,10,14.5
229,251572,000000251572.jpg,indoor,blazepose,high,0.0,4,0,12.3
230,246968,000000246968.jpg,indoor,movenet,low,91.67,12,13,13.8
231,548339,000000548339.jpg,outdoor,movenet,medium,100.0,17,17,14.7
232,33221,000000033221.jpg,outdoor,blazepose,low,0.0,14,17,64.0
233,172946,000000172946.jpg,indoor,movenet,high,100.0,13,14,15.4
234,361919,000000361919.jpg,outdoor,blazepose,low,0.0,14,0,63.8
235,482275,000000482275.jpg,indoor,blazepose,high,100.0,10,17,64.1
236,345397,000000345397.jpg,indoor,movenet,high,100.0,5,9,14.4
237,386912,000000386912.jpg,indoor,blazepose,medium,100.0,11,17,64.7
238,10707,000000010707.jpg,indoor,blazepose,high,100.0,14,17,63.9
239,302882,000000302882.jpg,indoor,blazepose,medium,100.0,6,17,64.2
240,469828,000000469828.jpg,outdoor,movenet,medium,100.0,13,17,15.1
241,15597,000000015597.jpg,outdoor,movenet,high,80.0,15,14,15.1
242,227478,000000227478.jpg,outdoor,blazepose,high,0.0,14,0,12.2
243,563648,000000563648.jpg,outdoor,movenet,low,0.0,15,12,14.8
244,477805,000000477805.jpg,indoor,blazepose,low,0.0,7,0,12.4
245,581317,000000581317.jpg,indoor,blazepose,high,100.0,11,17,65.2
246,3553,000000003553.jpg,outdoor,movenet,low,0.0,2,0,14.7
247,481567,000000481567.jpg,outdoor,blazepose,high,100.0,10,17,63.7
248,472298,000000472298.jpg,outdoor,blazepose,high,100.0,14,17,65.2
249,150638,000000150638.jpg,indoor,movenet,low,0.0,12,5,14.5
250,42628,000000042628.jpg,outdoor,blazepose,high,0.0,16,0,12.5
251,489842,000000489842.jpg,indoor,movenet,medium,0.0,17,16,14.8
252,205289,000000205289.jpg,outdoor,movenet,medium,100.0,11,14,14.4
253,433103,000000433103.jpg,indoor,blazepose,low,100.0,13,17,64.1
254,542423,000000542423.jpg,outdoor,movenet,low,100.0,4,15,15.1
255,86956,000000086956.jpg,indoor,blazepose,medium,0.0,12,0,64.4
256,276285,000000276285.jpg,indoor,blazepose,medium,0.0,3,0,12.3
257,358525,000000358525.jpg,indoor,movenet,high,100.0,10,12,15.6
258,248334,000000248334.jpg,outdoor,movenet,low,100.0,2,12,15.1
259,580294,000000580294.jpg,indoor,blazepose,medium,0.0,3,0,64.1
260,376625,000000376625.jpg,outdoor,blazepose,medium,0.0,14,0,12.1
261,500716,000000500716.jpg,indoor,movenet,low,0.0,3,0,14.0
262,439593,000000439593.jpg,outdoor,movenet,medium,92.31,13,16,15.6
263,102331,000000102331.jpg,outdoor,blazepose,medium,0.0,11,0,12.1
264,53626,000000053626.jpg,outdoor,movenet,high,76.47,17,13,14.8
265,46497,000000046497.jpg,outdoor,blazepose,low,0.0,10,0,12.2
266,528399,000000528399.jpg,indoor,movenet,high,0.0,1,0,15.1
267,449603,000000449603.jpg,outdoor,movenet,high,64.29,14,10,16.1
268,111207,000000111207.jpg,outdoor,blazepose,medium,0.0,13,17,63.6
269,448076,000000448076.jpg,indoor,movenet,high,0.0,16,13,14.3
270,460683,000000460683.jpg,indoor,blazepose,high,0.0,11,17,64.2
271,336209,000000336209.jpg,outdoor,movenet,high,92.86,14,16,14.8
272,329827,000000329827.jpg,outdoor,blazepose,high,100.0,11,17,64.4
273,82696,000000082696.jpg,indoor,blazepose,high,0.0,4,0,12.3
274,280918,000000280918.jpg,indoor,blazepose,high,100.0,13,17,64.6
275,491366,000000491366.jpg,indoor,blazepose,high,100.0,11,17,63.9
276,210032,000000210032.jpg,indoor,blazepose,low,0.0,7,0,12.2
277,233238,000000233238.jpg,indoor,blazepose,medium,81.82,11,17,63.6
278,391290,000000391290.jpg,outdoor,blazepose,low,100.0,15,17,63.3
279,219271,000000219271.jpg,outdoor,movenet,medium,78.57,14,14,14.7
280,367095,000000367095.jpg,indoor,movenet,low,100.0,9,11,15.0
281,507975,000000507975.jpg,outdoor,blazepose,high,0.0,14,0,12.4
282,578489,000000578489.jpg,indoor,movenet,low,0.0,16,17,14.5
283,404249,000000404249.jpg,outdoor,blazepose,high,100.0,16,17,64.7
284,489764,000000489764.jpg,indoor,movenet,medium,85.71,7,10,14.7
285,289960,000000289960.jpg,outdoor,blazepose,medium,0.0,17,0,12.3
286,218439,000000218439.jpg,indoor,movenet,low,84.62,13,13,15.2
287,157046,000000157046.jpg,indoor,movenet,high,0.0,9,0,15.2
288,145620,000000145620.jpg,outdoor,blazepose,high,100.0,12,17,63.5
289,523957,000000523957.jpg,outdoor,movenet,medium,0.0,16,17,15.3
290,571598,000000571598.jpg,indoor,blazepose,high,100.0,8,17,65.4
291,265777,000000265777.jpg,indoor,movenet,high,100.0,8,12,15.1
292,393226,000000393226.jpg,outdoor,blazepose,high,100.0,15,17,65.0
293,13659,000000013659.jpg,indoor,movenet,low,0.0,15,10,14.7
294,259690,000000259690.jpg,outdoor,movenet,medium,0.0,17,16,14.8
295,80340,000000080340.jpg,indoor,movenet,medium,100.0,14,17,15.2
296,190841,000000190841.jpg,outdoor,movenet,high,93.75,16,16,15.4
297,510095,000000510095.jpg,outdoor,movenet,medium,100.0,13,17,14.9
298,369310,000000369310.jpg,indoor,blazepose,medium,100.0,13,17,65.0
299,231879,000000231879.jpg,indoor,movenet,low,100.0,9,13,15.5
300,290163,000000290163.jpg,indoor,movenet,high,100.0,9,13,16.0
301,405249,000000405249.jpg,indoor,movenet,low,0.0,11,8,14.3
302,391722,000000391722.jpg,indoor,movenet,medium,63.64,11,11,14.6
303,7088,000000007088.jpg,outdoor,movenet,low,100.0,17,17,14.8
304,172648,000000172648.jpg,outdoor,blazepose,medium,100.0,11,17,63.9
305,579902,000000579902.jpg,outdoor,movenet,low,60.0,10,13,14.3
306,413552,000000413552.jpg,indoor,blazepose,high,100.0,8,17,64.4
307,389109,000000389109.jpg,indoor,blazepose,high,0.0,7,0,12.7
308,499266,000000499266.jpg,indoor,movenet,high,0.0,8,6,15.4
309,223188,000000223188.jpg,indoor,movenet,high,92.31,13,15,15.2
310,273232,000000273232.jpg,outdoor,blazepose,low,0.0,14,0,12.3
311,326174,000000326174.jpg,outdoor,blazepose,high,0.0,13,17,64.2
312,409542,000000409542.jpg,indoor,movenet,medium,100.0,8,11,15.5
313,326542,000000326542.jpg,outdoor,movenet,high,100.0,17,17,15.5
314,445999,000000445999.jpg,indoor,blazepose,medium,100.0,5,17,70.3
315,188296,000000188296.jpg,outdoor,movenet,medium,81.25,16,14,14.0
316,473406,000000473406.jpg,indoor,blazepose,low,100.0,17,17,64.7
317,12576,000000012576.jpg,indoor,movenet,medium,100.0,4,8,15.1
318,432553,000000432553.jpg,outdoor,movenet,medium,66.67,3,4,14.8
319,529148,000000529148.jpg,indoor,blazepose,high,100.0,11,17,64.9
320,403565,000000403565.jpg,outdoor,blazepose,medium,100.0,14,17,63.7
321,54592,000000054592.jpg,outdoor,movenet,medium,16.67,12,14,14.5
322,85157,000000085157.jpg,indoor,blazepose,medium,100.0,8,17,64.0
323,187144,000000187144.jpg,outdoor,movenet,medium,76.92,13,17,14.2
324,127394,000000127394.jpg,indoor,movenet,medium,100.0,9,13,14.6
325,397303,000000397303.jpg,indoor,blazepose,high,100.0,12,17,64.3
326,156924,000000156924.jpg,indoor,blazepose,medium,100.0,13,17,64.6
327,377635,000000377635.jpg,outdoor,blazepose,medium,100.0,15,17,63.7
328,199551,000000199551.jpg,indoor,blazepose,low,0.0,14,0,63.2
329,341719,000000341719.jpg,outdoor,movenet,low,90.91,11,16,14.8
330,93261,000000093261.jpg,outdoor,blazepose,low,100.0,12,17,63.7
331,238410,000000238410.jpg,indoor,movenet,low,33.33,15,6,15.8
332,417911,000000417911.jpg,outdoor,movenet,high,100.0,10,12,14.9
333,439525,000000439525.jpg,indoor,blazepose,medium,100.0,10,17,65.0
334,507037,000000507037.jpg,outdoor,movenet,low,0.0,16,16,15.9
335,326128,000000326128.jpg,outdoor,blazepose,medium,100.0,15,17,63.6
336,97988,000000097988.jpg,outdoor,movenet,medium,100.0,16,17,14.7
337,317999,000000317999.jpg,indoor,movenet,high,100.0,5,9,15.9
338,86582,000000086582.jpg,indoor,blazepose,medium,0.0,3,17,64.4
339,26465,000000026465.jpg,indoor,movenet,low,100.0,2,6,15.4
340,416104,000000416104.jpg,indoor,blazepose,high,0.0,11,0,63.6
341,309678,000000309678.jpg,indoor,blazepose,medium,100.0,1,17,63.7
342,252701,000000252701.jpg,outdoor,movenet,low,100.0,16,16,15.2
343,361506,000000361506.jpg,outdoor,blazepose,low,0.0,11,0,12.4
344,289741,000000289741.jpg,outdoor,blazepose,high,0.0,9,0,12.5
345,44279,000000044279.jpg,indoor,blazepose,low,40.0,15,17,64.3
346,148999,000000148999.jpg,outdoor,movenet,medium,75.0,12,10,14.9
347,306700,000000306700.jpg,indoor,blazepose,medium,100.0,11,17,65.0
348,323263,000000323263.jpg,indoor,movenet,low,0.0,16,14,15.3
349,60507,000000060507.jpg,indoor,movenet,low,0.0,16,17,16.0
350,105912,000000105912.jpg,outdoor,movenet,medium,100.0,12,17,15.7
351,89697,000000089697.jpg,outdoor,movenet,high,100.0,14,17,15.3
352,36936,000000036936.jpg,indoor,movenet,low,58.33,12,9,14.6
353,579655,000000579655.jpg,indoor,movenet,medium,100.0,7,8,14.9
354,3934,000000003934.jpg,indoor,movenet,medium,100.0,15,16,14.8
355,371699,000000371699.jpg,indoor,movenet,low,0.0,5,0,15.0
356,274066,000000274066.jpg,outdoor,movenet,medium,16.67,12,12,14.0
357,147740,000000147740.jpg,outdoor,movenet,high,92.31,13,15,15.0
358,376112,000000376112.jpg,outdoor,movenet,low,66.67,12,13,16.1
359,556158,000000556158.jpg,outdoor,movenet,low,100.0,17,17,14.8
360,25393,000000025393.jpg,outdoor,movenet,medium,100.0,17,17,15.1
361,387916,000000387916.jpg,outdoor,movenet,low,0.0,12,14,15.5
362,371529,000000371529.jpg,indoor,blazepose,low,0.0,13,0,12.6
363,314709,000000314709.jpg,outdoor,movenet,low,100.0,15,17,14.4
364,84241,000000084241.jpg,indoor,movenet,medium,41.67,12,12,15.0
365,347265,000000347265.jpg,outdoor,blazepose,medium,100.0,16,17,64.4
366,470779,000000470779.jpg,outdoor,movenet,medium,43.75,16,14,14.4
367,32570,000000032570.jpg,outdoor,blazepose,medium,0.0,15,0,12.1
368,496854,000000496854.jpg,outdoor,blazepose,medium,100.0,14,17,64.7
369,99054,000000099054.jpg,outdoor,movenet,high,0.0,11,10,15.0
370,504415,000000504415.jpg,outdoor,movenet,medium,92.31,13,16,14.2
371,492758,000000492758.jpg,indoor,blazepose,low,0.0,16,0,12.0
372,136715,000000136715.jpg,outdoor,blazepose,high,0.0,12,0,12.4
373,532690,000000532690.jpg,indoor,blazepose,low,100.0,12,17,64.8
374,297578,000000297578.jpg,outdoor,movenet,high,100.0,11,16,15.2
375,312489,000000312489.jpg,outdoor,blazepose,medium,0.0,15,17,63.9
376,158660,000000158660.jpg,indoor,movenet,medium,100.0,5,6,16.8
377,529762,000000529762.jpg,indoor,blazepose,high,100.0,10,17,64.4
378,64898,000000064898.jpg,outdoor,blazepose,high,12.5,8,17,64.6
379,515077,000000515077.jpg,indoor,movenet,low,0.0,4,10,15.6
380,512929,000000512929.jpg,indoor,movenet,medium,90.91,11,12,14.6
381,115898,000000115898.jpg,outdoor,movenet,high,100.0,15,17,14.3
382,230983,000000230983.jpg,outdoor,blazepose,medium,100.0,15,17,65.5
383,172877,000000172877.jpg,indoor,blazepose,low,100.0,15,17,64.1
384,161799,000000161799.jpg,outdoor,movenet,high,0.0,16,12,15.0
385,434204,000000434204.jpg,outdoor,blazepose,low,0.0,7,0,12.4
386,330818,000000330818.jpg,indoor,movenet,low,80.0,10,11,14.7
387,87144,000000087144.jpg,outdoor,blazepose,low,6.25,16,17,63.9
388,481573,000000481573.jpg,outdoor,movenet,medium,100.0,11,14,14.7
389,213086,000000213086.jpg,indoor,blazepose,high,0.0,6,0,12.8
390,576654,000000576654.jpg,outdoor,movenet,high,93.33,15,16,15.0
391,506656,000000506656.jpg,outdoor,blazepose,medium,100.0,15,17,63.6
392,45550,000000045550.jpg,indoor,blazepose,medium,0.0,9,17,64.4
393,327605,000000327605.jpg,outdoor,movenet,low,100.0,16,17,15.3
394,407002,000000407002.jpg,outdoor,movenet,low,100.0,13,16,15.2
395,420840,000000420840.jpg,indoor,blazepose,low,100.0,7,17,64.2
396,468954,000000468954.jpg,indoor,blazepose,high,100.0,12,17,64.8
397,476119,000000476119.jpg,outdoor,blazepose,low,100.0,15,17,63.3
398,1490,000000001490.jpg,outdoor,blazepose,low,0.0,15,0,12.3
399,164883,000000164883.jpg,indoor,movenet,medium,87.5,8,7,16.4
400,161781,000000161781.jpg,outdoor,movenet,low,93.33,15,15,14.5
401,346703,000000346703.jpg,indoor,blazepose,medium,100.0,12,17,64.1
402,482917,000000482917.jpg,indoor,blazepose,low,100.0,2,17,64.6
403,176857,000000176857.jpg,indoor,blazepose,medium,100.0,12,17,63.8
404,357737,000000357737.jpg,outdoor,movenet,low,100.0,17,17,14.8
405,581062,000000581062.jpg,outdoor,movenet,low,100.0,14,17,14.3
406,66231,000000066231.jpg,indoor,movenet,medium,92.86,14,15,14.4
407,492110,000000492110.jpg,indoor,blazepose,low,0.0,12,17,64.5
408,473869,000000473869.jpg,indoor,movenet,medium,91.67,12,12,14.9
409,191672,000000191672.jpg,outdoor,blazepose,low,100.0,13,17,63.5
410,434230,000000434230.jpg,indoor,blazepose,high,0.0,12,0,12.1
411,213547,000000213547.jpg,indoor,blazepose,high,100.0,17,17,64.4
412,408120,000000408120.jpg,outdoor,blazepose,low,0.0,17,0,63.6
413,554266,000000554266.jpg,indoor,movenet,low,0.0,8,5,15.5
414,492937,000000492937.jpg,outdoor,blazepose,medium,0.0,6,0,12.4
415,226662,000000226662.jpg,outdoor,movenet,low,0.0,8,3,15.4
416,149375,000000149375.jpg,outdoor,movenet,high,100.0,14,17,15.5
417,376307,000000376307.jpg,indoor,movenet,medium,91.67,12,12,14.9
418,261888,000000261888.jpg,outdoor,movenet,low,100.0,11,17,14.9
419,39914,000000039914.jpg,outdoor,blazepose,low,100.0,14,17,63.3
420,41990,000000041990.jpg,outdoor,movenet,low,94.12,17,16,14.7
421,383606,000000383606.jpg,indoor,blazepose,medium,0.0,12,0,12.2
422,297022,000000297022.jpg,outdoor,blazepose,high,0.0,14,0,12.4
423,568981,000000568981.jpg,outdoor,blazepose,medium,0.0,13,0,12.7
424,60347,000000060347.jpg,outdoor,blazepose,low,100.0,15,17,64.5
425,43314,000000043314.jpg,outdoor,blazepose,high,0.0,11,0,65.6
426,87244,000000087244.jpg,outdoor,movenet,medium,0.0,9,10,15.2
427,275198,000000275198.jpg,indoor,movenet,low,72.73,11,10,15.5
428,383842,000000383842.jpg,indoor,movenet,medium,82.35,17,14,15.1
429,394677,000000394677.jpg,indoor,blazepose,low,100.0,13,17,64.3
430,9590,000000009590.jpg,indoor,blazepose,low,100.0,11,17,64.4
431,442746,000000442746.jpg,outdoor,movenet,high,100.0,11,17,15.2
432,17379,000000017379.jpg,indoor,movenet,medium,50.0,6,4,15.2
433,35682,000000035682.jpg,indoor,movenet,high,0.0,10,13,14.8
434,2532,000000002532.jpg,outdoor,blazepose,low,0.0,14,0,63.3
435,456662,000000456662.jpg,indoor,movenet,medium,100.0,17,17,14.2
436,296649,000000296649.jpg,outdoor,blazepose,high,0.0,13,17,63.9
437,292488,000000292488.jpg,indoor,blazepose,high,0.0,4,0,12.2
438,560911,000000560911.jpg,indoor,movenet,medium,62.5,16,10,14.8
439,466125,000000466125.jpg,indoor,blazepose,medium,100.0,13,17,64.7
440,39785,000000039785.jpg,outdoor,blazepose,low,87.5,16,17,64.2
441,426203,000000426203.jpg,outdoor,movenet,low,86.67,15,13,15.1
442,567740,000000567740.jpg,outdoor,blazepose,low,0.0,16,17,64.1
443,439994,000000439994.jpg,outdoor,blazepose,high,100.0,14,17,63.7
444,2431,000000002431.jpg,indoor,movenet,high,0.0,1,0,14.4
445,124442,000000124442.jpg,outdoor,movenet,high,100.0,17,17,15.4
446,51938,000000051938.jpg,outdoor,movenet,low,94.12,17,16,15.1
447,161879,000000161879.jpg,outdoor,movenet,high,86.67,15,14,15.0
448,13729,000000013729.jpg,indoor,blazepose,low,6.25,16,17,64.3
449,482319,000000482319.jpg,indoor,blazepose,low,91.67,12,17,64.1
450,291791,000000291791.jpg,outdoor,blazepose,low,0.0,7,0,12.4
451,546823,000000546823.jpg,outdoor,movenet,medium,0.0,16,17,15.3
452,148508,000000148508.jpg,outdoor,blazepose,high,0.0,9,0,12.4
453,502168,000000502168.jpg,outdoor,blazepose,medium,0.0,13,0,12.4
454,287291,000000287291.jpg,outdoor,blazepose,high,0.0,13,0,13.0
455,136915,000000136915.jpg,indoor,blazepose,medium,100.0,12,17,64.3
456,356531,000000356531.jpg,indoor,blazepose,high,100.0,10,17,64.5
457,222118,000000222118.jpg,indoor,movenet,medium,100.0,12,12,14.4
458,465718,000000465718.jpg,indoor,movenet,high,100.0,12,15,14.9
459,16598,000000016598.jpg,indoor,movenet,low,90.0,10,9,14.5
460,521259,000000521259.jpg,outdoor,movenet,high,88.24,17,15,15.6
461,121242,000000121242.jpg,outdoor,movenet,medium,100.0,15,17,14.7
462,364557,000000364557.jpg,outdoor,blazepose,high,0.0,12,0,65.2
463,338304,000000338304.jpg,indoor,movenet,medium,0.0,12,3,15.7
464,254516,000000254516.jpg,outdoor,movenet,low,15.38,13,13,14.2
465,71877,000000071877.jpg,outdoor,movenet,medium,100.0,15,17,14.4
466,68628,000000068628.jpg,outdoor,movenet,medium,100.0,14,17,14.8
467,508730,000000508730.jpg,indoor,movenet,high,100.0,13,13,13.9
468,451043,000000451043.jpg,outdoor,movenet,low,100.0,13,17,16.2
469,397354,000000397354.jpg,indoor,movenet,low,0.0,11,12,15.3
470,243204,000000243204.jpg,indoor,movenet,high,100.0,5,7,15.9
471,467511,000000467511.jpg,outdoor,movenet,high,100.0,15,16,15.3
472,544519,000000544519.jpg,indoor,movenet,low,33.33,6,2,14.9
473,164602,000000164602.jpg,indoor,blazepose,medium,91.67,12,17,63.4
474,570688,000000570688.jpg,outdoor,movenet,medium,93.75,16,16,14.2
475,173008,000000173008.jpg,indoor,blazepose,low,100.0,12,17,63.8
476,132703,000000132703.jpg,outdoor,movenet,high,100.0,15,17,14.8
477,451084,000000451084.jpg,outdoor,blazepose,high,100.0,17,17,64.8
478,518326,000000518326.jpg,indoor,blazepose,low,0.0,9,17,63.9
479,177213,000000177213.jpg,indoor,blazepose,high,0.0,2,0,12.1
480,91500,000000091500.jpg,indoor,movenet,high,86.67,15,13,14.8
481,244750,000000244750.jpg,indoor,blazepose,medium,0.0,7,0,12.3
482,224807,000000224807.jpg,indoor,blazepose,medium,0.0,11,0,12.4
483,185472,000000185472.jpg,outdoor,movenet,low,100.0,13,17,16.9
484,374052,000000374052.jpg,outdoor,movenet,low,0.0,13,13,15.0
485,250901,000000250901.jpg,indoor,blazepose,medium,0.0,4,0,12.4
486,554595,000000554595.jpg,outdoor,blazepose,high,100.0,13,17,65.3
487,364126,000000364126.jpg,outdoor,movenet,low,100.0,15,17,19.5
488,334399,000000334399.jpg,indoor,movenet,high,31.25,16,14,14.4
489,312192,000000312192.jpg,indoor,movenet,medium,0.0,1,1,15.6
490,199442,000000199442.jpg,outdoor,blazepose,high,100.0,15,17,64.8
491,425226,000000425226.jpg,indoor,movenet,high,100.0,9,14,16.6
492,289417,000000289417.jpg,outdoor,blazepose,low,100.0,17,17,64.3
493,307172,000000307172.jpg,indoor,blazepose,high,0.0,2,0,12.6
494,145665,000000145665.jpg,outdoor,blazepose,high,100.0,16,17,65.1
495,210789,000000210789.jpg,outdoor,movenet,low,93.75,16,17,14.0
496,495732,000000495732.jpg,indoor,blazepose,medium,87.5,16,17,64.3
497,432898,000000432898.jpg,outdoor,movenet,high,100.0,14,16,14.8
498,484351,000000484351.jpg,indoor,movenet,low,0.0,15,11,14.5
499,520910,000000520910.jpg,indoor,movenet,low,100.0,15,17,15.6
500,16228,000000016228.jpg,outdoor,movenet,low,0.0,12,0,15.4
501,563349,000000563349.jpg,outdoor,blazepose,high,100.0,12,17,64.4
502,326970,000000326970.jpg,indoor,movenet,medium,100.0,15,16,14.1
503,473219,000000473219.jpg,indoor,movenet,medium,80.0,10,11,14.9
504,484415,000000484415.jpg,indoor,movenet,high,0.0,1,0,14.8
505,394940,000000394940.jpg,indoor,blazepose,medium,100.0,8,17,63.9
506,193348,000000193348.jpg,indoor,blazepose,high,100.0,6,17,65.5
507,303713,000000303713.jpg,indoor,blazepose,low,0.0,16,17,64.5
508,114884,000000114884.jpg,outdoor,blazepose,low,0.0,11,0,12.2
509,156643,000000156643.jpg,indoor,blazepose,medium,100.0,11,17,64.2
510,577932,000000577932.jpg,outdoor,movenet,medium,0.0,16,8,15.4
511,478420,000000478420.jpg,indoor,movenet,low,6.25,16,13,14.9
512,527616,000000527616.jpg,indoor,movenet,low,87.5,8,13,14.8
513,93437,000000093437.jpg,indoor,movenet,medium,100.0,10,13,14.5
514,471893,000000471893.jpg,indoor,movenet,medium,100.0,14,15,14.8
515,373353,000000373353.jpg,outdoor,blazepose,low,0.0,13,0,65.1
516,18491,000000018491.jpg,outdoor,blazepose,medium,0.0,16,0,63.4
517,515579,000000515579.jpg,outdoor,blazepose,low,100.0,16,17,64.2
518,197870,000000197870.jpg,outdoor,movenet,medium,85.71,14,12,14.8
519,31296,000000031296.jpg,indoor,blazepose,low,100.0,15,17,64.1
520,47112,000000047112.jpg,indoor,movenet,medium,0.0,0,3,15.1
521,217872,000000217872.jpg,outdoor,blazepose,medium,100.0,16,17,63.8
522,400161,000000400161.jpg,indoor,blazepose,medium,0.0,2,0,12.3
523,125472,000000125472.jpg,outdoor,movenet,low,100.0,15,17,14.4
524,451144,000000451144.jpg,outdoor,blazepose,high,100.0,13,17,63.9
525,229659,000000229659.jpg,indoor,blazepose,medium,0.0,7,0,64.3
526,99810,000000099810.jpg,indoor,blazepose,high,100.0,10,17,64.8
527,566923,000000566923.jpg,outdoor,movenet,medium,63.64,11,9,15.2
528,97278,000000097278.jpg,outdoor,movenet,medium,100.0,16,17,14.2
529,117425,000000117425.jpg,indoor,movenet,high,100.0,11,13,15.9
530,366884,000000366884.jpg,indoor,blazepose,low,0.0,11,0,12.1
531,284698,000000284698.jpg,outdoor,movenet,medium,88.89,9,11,13.9
532,18380,000000018380.jpg,indoor,movenet,high,81.82,11,9,14.4
533,518770,000000518770.jpg,indoor,blazepose,high,100.0,15,17,64.0
534,327592,000000327592.jpg,indoor,blazepose,high,100.0,9,17,64.5
535,411938,000000411938.jpg,outdoor,movenet,low,64.29,14,11,15.7
536,201418,000000201418.jpg,indoor,movenet,low,0.0,12,11,14.8
537,59598,000000059598.jpg,indoor,blazepose,high,0.0,10,0,12.5
538,256192,000000256192.jpg,outdoor,blazepose,medium,0.0,13,0,12.3
539,546475,000000546475.jpg,indoor,movenet,high,70.0,10,13,15.0
540,407650,000000407650.jpg,outdoor,movenet,medium,92.31,13,17,14.6
541,332570,000000332570.jpg,indoor,blazepose,high,0.0,1,0,12.2
542,521509,000000521509.jpg,indoor,blazepose,high,100.0,13,17,64.4
543,553776,000000553776.jpg,outdoor,blazepose,high,0.0,9,0,64.9
544,324258,000000324258.jpg,indoor,blazepose,medium,63.64,11,17,65.0
545,57597,000000057597.jpg,outdoor,blazepose,low,26.67,15,17,64.1
546,336356,000000336356.jpg,indoor,blazepose,medium,100.0,9,17,65.4
547,507473,000000507473.jpg,indoor,blazepose,low,100.0,11,17,64.8
548,17905,000000017905.jpg,outdoor,movenet,high,100.0,17,17,15.2
549,530975,000000530975.jpg,indoor,movenet,medium,100.0,15,17,16.7
550,122217,000000122217.jpg,outdoor,blazepose,medium,0.0,14,0,12.3
551,451155,000000451155.jpg,indoor,movenet,low,42.86,7,8,15.1
552,171757,000000171757.jpg,indoor,blazepose,medium,0.0,10,0,12.2
553,332845,000000332845.jpg,indoor,movenet,low,40.0,5,4,16.1
554,130586,000000130586.jpg,outdoor,movenet,low,100.0,16,16,15.5
555,303893,000000303893.jpg,outdoor,blazepose,high,100.0,17,17,65.6
556,114049,000000114049.jpg,indoor,blazepose,low,0.0,7,0,12.3
557,133567,000000133567.jpg,outdoor,movenet,medium,100.0,10,11,14.4
558,578792,000000578792.jpg,outdoor,movenet,high,77.78,9,10,14.9
559,563281,000000563281.jpg,indoor,movenet,low,91.67,12,15,14.6
560,450399,000000450399.jpg,indoor,blazepose,low,0.0,9,0,12.3
561,484978,000000484978.jpg,indoor,movenet,low,100.0,11,13,22.2
562,143556,000000143556.jpg,outdoor,blazepose,high,100.0,10,17,65.3
563,383337,000000383337.jpg,indoor,blazepose,medium,0.0,1,17,64.0
564,277020,000000277020.jpg,indoor,blazepose,low,100.0,8,17,64.6
565,581357,000000581357.jpg,outdoor,movenet,high,100.0,16,17,16.1
566,227898,000000227898.jpg,outdoor,blazepose,medium,0.0,13,0,63.9
567,466602,000000466602.jpg,outdoor,movenet,high,53.33,15,9,15.5
568,449661,000000449661.jpg,indoor,blazepose,low,0.0,11,0,12.0
569,517056,000000517056.jpg,indoor,movenet,high,100.0,12,14,15.0
570,33104,000000033104.jpg,outdoor,blazepose,low,100.0,16,17,64.3
571,11197,000000011197.jpg,outdoor,blazepose,medium,100.0,13,17,64.0
572,508101,000000508101.jpg,outdoor,blazepose,low,0.0,13,0,12.2
573,36539,000000036539.jpg,outdoor,blazepose,medium,100.0,17,17,63.9
574,569030,000000569030.jpg,outdoor,blazepose,high,0.0,5,17,64.2
575,1353,000000001353.jpg,outdoor,blazepose,medium,16.67,6,17,64.2
576,282298,000000282298.jpg,indoor,blazepose,low,0.0,15,0,12.3
577,176901,000000176901.jpg,outdoor,blazepose,high,0.0,12,17,64.1
578,558213,000000558213.jpg,outdoor,movenet,medium,0.0,17,17,14.5
579,551439,000000551439.jpg,indoor,movenet,medium,84.62,13,12,14.2
580,411754,000000411754.jpg,indoor,blazepose,low,0.0,12,17,64.0
581,290248,000000290248.jpg,outdoor,movenet,high,0.0,16,17,14.7
582,445602,000000445602.jpg,outdoor,blazepose,high,100.0,15,17,63.5
583,324614,000000324614.jpg,indoor,movenet,high,87.5,8,7,15.6
584,198489,000000198489.jpg,outdoor,movenet,medium,100.0,15,16,14.8
585,527750,000000527750.jpg,indoor,blazepose,low,100.0,16,17,65.0
586,82688,000000082688.jpg,indoor,movenet,low,83.33,12,10,14.8
587,292446,000000292446.jpg,indoor,blazepose,medium,0.0,9,17,64.8
588,248284,000000248284.jpg,outdoor,movenet,low,100.0,15,16,15.0
589,270677,000000270677.jpg,outdoor,movenet,medium,100.0,13,14,14.2
590,207844,000000207844.jpg,indoor,blazepose,low,0.0,10,0,12.4
591,19786,000000019786.jpg,indoor,movenet,low,83.33,6,9,18.1
592,7816,000000007816.jpg,outdoor,movenet,medium,83.33,12,13,15.3
593,229111,000000229111.jpg,indoor,blazepose,medium,100.0,8,17,64.9
594,393569,000000393569.jpg,indoor,movenet,low,22.22,9,6,14.9
595,356248,000000356248.jpg,indoor,movenet,high,0.0,9,12,14.5
596,214703,000000214703.jpg,outdoor,blazepose,medium,0.0,12,0,63.4
597,83540,000000083540.jpg,outdoor,blazepose,medium,0.0,16,0,12.3
598,168883,000000168883.jpg,indoor,blazepose,low,100.0,11,17,64.1
599,374083,000000374083.jpg,indoor,blazepose,low,100.0,10,17,65.4
600,343706,000000343706.jpg,indoor,blazepose,medium,100.0,1,17,64.0
601,459954,000000459954.jpg,indoor,blazepose,medium,100.0,6,17,64.0
602,253819,000000253819.jpg,outdoor,blazepose,medium,84.62,13,17,70.8
603,520707,000000520707.jpg,indoor,movenet,high,76.92,13,11,15.0
604,132796,000000132796.jpg,outdoor,blazepose,medium,0.0,15,17,64.4
605,425702,000000425702.jpg,outdoor,movenet,low,63.64,11,9,17.4
606,138979,000000138979.jpg,outdoor,blazepose,low,0.0,15,0,62.8
607,530061,000000530061.jpg,indoor,movenet,medium,75.0,8,7,15.7
608,392722,000000392722.jpg,outdoor,blazepose,medium,100.0,14,17,64.6
609,308328,000000308328.jpg,outdoor,movenet,high,100.0,15,17,24.7
610,15956,000000015956.jpg,indoor,movenet,high,100.0,13,16,15.4
611,546964,000000546964.jpg,indoor,movenet,low,0.0,14,11,15.0
612,290843,000000290843.jpg,indoor,movenet,medium,0.0,1,0,14.3
613,394206,000000394206.jpg,outdoor,blazepose,high,100.0,16,17,64.2
614,32901,000000032901.jpg,indoor,blazepose,low,100.0,11,17,64.9
615,441247,000000441247.jpg,indoor,movenet,high,100.0,11,17,13.9
616,445792,000000445792.jpg,indoor,blazepose,low,93.33,15,17,65.3
617,575187,000000575187.jpg,indoor,movenet,low,87.5,8,11,14.3
618,179898,000000179898.jpg,indoor,blazepose,medium,0.0,12,17,64.9
619,57672,000000057672.jpg,outdoor,movenet,low,100.0,12,17,15.9
620,190637,000000190637.jpg,indoor,blazepose,low,100.0,5,17,64.3
621,475387,000000475387.jpg,outdoor,blazepose,high,0.0,17,0,64.2
622,575243,000000575243.jpg,outdoor,movenet,medium,100.0,6,13,14.4
623,229358,000000229358.jpg,indoor,blazepose,medium,100.0,5,17,64.1
624,500270,000000500270.jpg,outdoor,movenet,low,66.67,12,14,15.5
625,490171,000000490171.jpg,outdoor,movenet,high,83.33,6,13,14.7
626,571718,000000571718.jpg,indoor,blazepose,medium,0.0,9,0,12.1
627,378116,000000378116.jpg,outdoor,movenet,medium,100.0,15,17,14.7
628,42528,000000042528.jpg,indoor,movenet,high,0.0,3,1,14.8
629,465129,000000465129.jpg,indoor,movenet,medium,92.86,14,13,15.0
630,109992,000000109992.jpg,outdoor,blazepose,low,100.0,15,17,63.7
631,458109,000000458109.jpg,outdoor,blazepose,low,0.0,2,0,12.6
632,255749,000000255749.jpg,outdoor,blazepose,medium,0.0,16,0,12.3
633,33759,000000033759.jpg,outdoor,movenet,medium,94.12,17,16,14.6
634,3156,000000003156.jpg,indoor,movenet,medium,93.33,15,15,13.8
635,129492,000000129492.jpg,indoor,movenet,high,69.23,13,12,14.8
636,203389,000000203389.jpg,outdoor,blazepose,low,58.33,12,17,64.5
637,49060,000000049060.jpg,outdoor,movenet,medium,0.0,17,0,15.9
638,6763,000000006763.jpg,indoor,movenet,medium,100.0,8,13,14.4
639,342397,000000342397.jpg,outdoor,blazepose,medium,100.0,15,17,64.1
640,511599,000000511599.jpg,outdoor,movenet,low,0.0,13,17,14.9
641,384136,000000384136.jpg,indoor,movenet,low,90.0,10,12,15.2
642,61747,000000061747.jpg,outdoor,blazepose,high,100.0,15,17,64.2
643,474167,000000474167.jpg,indoor,movenet,low,66.67,3,7,14.8
644,192964,000000192964.jpg,outdoor,movenet,low,60.0,15,10,14.1
645,340451,000000340451.jpg,outdoor,blazepose,medium,100.0,16,17,65.4
646,36494,000000036494.jpg,indoor,blazepose,medium,0.0,10,0,12.6
647,170191,000000170191.jpg,indoor,blazepose,medium,100.0,17,17,64.0
648,67213,000000067213.jpg,outdoor,movenet,medium,87.5,8,7,15.6
649,391140,000000391140.jpg,indoor,blazepose,low,100.0,12,17,65.0
650,566282,000000566282.jpg,outdoor,blazepose,medium,0.0,15,17,63.5
651,62808,000000062808.jpg,indoor,blazepose,medium,0.0,9,17,64.7
652,478862,000000478862.jpg,outdoor,blazepose,medium,0.0,16,0,12.5
653,37689,000000037689.jpg,outdoor,blazepose,medium,0.0,8,0,12.2
654,51610,000000051610.jpg,indoor,movenet,medium,73.33,15,12,14.7
655,44590,000000044590.jpg,outdoor,movenet,medium,88.89,9,13,14.8
656,59044,000000059044.jpg,indoor,movenet,low,53.85,13,10,14.6
657,309964,000000309964.jpg,outdoor,movenet,medium,0.0,17,17,14.5
658,419408,000000419408.jpg,outdoor,movenet,high,0.0,15,14,15.2
659,60932,000000060932.jpg,indoor,blazepose,medium,0.0,17,17,64.2
660,91406,000000091406.jpg,indoor,movenet,medium,92.31,13,13,15.0
661,311303,000000311303.jpg,indoor,movenet,low,0.0,1,0,15.6
662,139077,000000139077.jpg,indoor,movenet,high,100.0,11,15,14.4
663,368294,000000368294.jpg,indoor,movenet,high,90.0,10,11,14.7
664,513041,000000513041.jpg,indoor,movenet,high,50.0,2,12,14.9
665,25560,000000025560.jpg,indoor,blazepose,low,0.0,5,0,12.4
666,163117,000000163117.jpg,outdoor,blazepose,high,0.0,14,17,64.2
667,40757,000000040757.jpg,indoor,movenet,high,88.89,9,10,15.4
668,48396,000000048396.jpg,indoor,blazepose,low,33.33,12,17,64.1
669,65350,000000065350.jpg,outdoor,movenet,low,20.0,15,7,14.3
670,108495,000000108495.jpg,outdoor,blazepose,high,100.0,12,17,63.4
671,485844,000000485844.jpg,indoor,movenet,low,78.57,14,12,14.6
672,48504,000000048504.jpg,outdoor,blazepose,high,0.0,10,0,12.4
673,381587,000000381587.jpg,indoor,blazepose,medium,0.0,2,0,12.4
674,455085,000000455085.jpg,outdoor,blazepose,medium,0.0,4,0,12.5
675,47740,000000047740.jpg,outdoor,blazepose,medium,0.0,11,0,64.4
676,325838,000000325838.jpg,indoor,movenet,medium,100.0,12,14,15.2
677,365521,000000365521.jpg,outdoor,movenet,high,6.25,16,16,15.0
678,102411,000000102411.jpg,outdoor,movenet,high,0.0,15,9,14.8
679,175251,000000175251.jpg,indoor,movenet,high,100.0,8,9,19.0
680,535858,000000535858.jpg,outdoor,blazepose,low,0.0,14,0,12.5
681,365886,000000365886.jpg,indoor,blazepose,medium,100.0,5,17,64.6
682,561256,000000561256.jpg,indoor,movenet,medium,100.0,13,13,14.9
683,544444,000000544444.jpg,outdoor,movenet,low,93.75,16,16,15.1
684,210915,000000210915.jpg,outdoor,blazepose,medium,100.0,15,17,63.5
685,439773,000000439773.jpg,indoor,blazepose,low,100.0,17,17,64.4
686,480985,000000480985.jpg,outdoor,movenet,medium,88.89,9,15,13.8
687,273711,000000273711.jpg,indoor,movenet,high,100.0,3,3,15.4
688,140987,000000140987.jpg,indoor,movenet,medium,100.0,6,9,15.4
689,27186,000000027186.jpg,indoor,blazepose,low,100.0,13,17,64.2
690,441286,000000441286.jpg,outdoor,blazepose,low,100.0,14,17,63.4
691,401862,000000401862.jpg,outdoor,movenet,high,91.67,12,15,15.5
692,283785,000000283785.jpg,indoor,movenet,high,0.0,15,13,15.5
693,483999,000000483999.jpg,indoor,movenet,medium,77.78,9,9,14.7
694,374369,000000374369.jpg,outdoor,blazepose,high,100.0,14,17,64.4
695,510329,000000510329.jpg,indoor,blazepose,high,90.0,10,17,63.9
696,284764,000000284764.jpg,indoor,movenet,high,87.5,8,8,15.3
697,94944,000000094944.jpg,outdoor,movenet,low,93.33,15,16,21.6
698,302452,000000302452.jpg,indoor,movenet,low,0.0,8,9,15.0
699,498032,000000498032.jpg,indoor,movenet,low,87.5,8,8,15.8
700,411817,000000411817.jpg,indoor,blazepose,medium,0.0,9,17,63.2
701,44195,000000044195.jpg,outdoor,movenet,high,100.0,13,15,15.3
702,569972,000000569972.jpg,outdoor,movenet,high,100.0,14,17,15.4
703,27972,000000027972.jpg,outdoor,blazepose,low,100.0,13,17,63.7
704,362520,000000362520.jpg,outdoor,blazepose,low,0.0,10,0,12.5
705,227399,000000227399.jpg,outdoor,movenet,low,6.67,15,16,15.4
706,174371,000000174371.jpg,indoor,movenet,high,90.91,11,12,14.8
707,389532,000000389532.jpg,outdoor,movenet,low,100.0,10,17,15.0
708,147415,000000147415.jpg,indoor,movenet,medium,83.33,6,11,16.7
709,255483,000000255483.jpg,indoor,blazepose,low,0.0,3,0,12.4
710,266981,000000266981.jpg,outdoor,movenet,medium,12.5,16,14,14.5
711,400044,000000400044.jpg,outdoor,blazepose,high,100.0,15,17,65.3
712,493864,000000493864.jpg,outdoor,movenet,low,100.0,15,17,17.2
713,108253,000000108253.jpg,indoor,movenet,high,100.0,3,6,15.3
714,572462,000000572462.jpg,outdoor,movenet,high,100.0,11,13,15.1
715,164885,000000164885.jpg,outdoor,movenet,medium,100.0,16,17,19.9
716,563882,000000563882.jpg,indoor,blazepose,low,0.0,5,0,12.3
717,511076,000000511076.jpg,outdoor,movenet,medium,100.0,11,17,14.9
718,474021,000000474021.jpg,indoor,blazepose,low,100.0,12,17,64.7
719,569273,000000569273.jpg,outdoor,movenet,medium,0.0,11,14,14.6
720,82812,000000082812.jpg,outdoor,blazepose,low,0.0,14,0,12.4
721,24243,000000024243.jpg,indoor,blazepose,low,100.0,17,17,64.4
722,286523,000000286523.jpg,indoor,blazepose,low,100.0,6,17,64.4
723,206411,000000206411.jpg,indoor,movenet,medium,0.0,1,0,15.0
724,450686,000000450686.jpg,indoor,movenet,medium,0.0,1,0,15.2
725,203294,000000203294.jpg,outdoor,movenet,low,0.0,15,17,14.8
726,113720,000000113720.jpg,indoor,movenet,high,100.0,9,12,14.8
727,327601,000000327601.jpg,indoor,movenet,high,94.12,17,16,15.1
728,187362,000000187362.jpg,outdoor,movenet,low,90.0,10,13,15.9
729,177489,000000177489.jpg,indoor,blazepose,high,100.0,14,17,65.4
730,441543,000000441543.jpg,indoor,movenet,high,83.33,6,9,15.0
731,61960,000000061960.jpg,indoor,blazepose,high,100.0,11,17,64.8
732,393115,000000393115.jpg,outdoor,blazepose,high,0.0,2,0,12.4
733,233727,000000233727.jpg,outdoor,movenet,high,93.75,16,16,14.1
734,9400,000000009400.jpg,indoor,blazepose,low,0.0,9,0,12.3
735,343218,000000343218.jpg,outdoor,movenet,medium,100.0,15,16,14.2
736,425361,000000425361.jpg,indoor,blazepose,high,100.0,9,17,64.1
737,302536,000000302536.jpg,indoor,movenet,high,100.0,12,14,15.3
738,142620,000000142620.jpg,indoor,blazepose,medium,100.0,13,17,63.7
739,85682,000000085682.jpg,outdoor,movenet,high,41.67,12,16,15.9
740,74733,000000074733.jpg,indoor,movenet,low,0.0,2,1,14.4
741,346968,000000346968.jpg,indoor,blazepose,high,100.0,7,17,63.7
742,311394,000000311394.jpg,indoor,movenet,medium,100.0,10,13,14.5
743,524456,000000524456.jpg,indoor,movenet,high,33.33,3,2,14.3
744,350122,000000350122.jpg,outdoor,blazepose,low,0.0,12,0,63.3
745,376365,000000376365.jpg,indoor,movenet,medium,66.67,9,8,15.0
746,136334,000000136334.jpg,outdoor,movenet,medium,100.0,12,17,14.4
747,511647,000000511647.jpg,outdoor,movenet,medium,0.0,1,4,14.6
748,534270,000000534270.jpg,outdoor,movenet,low,83.33,12,15,15.8
749,82715,000000082715.jpg,outdoor,blazepose,low,0.0,16,0,65.0
750,69224,000000069224.jpg,indoor,movenet,high,72.73,11,9,15.8
751,78748,000000078748.jpg,outdoor,movenet,medium,0.0,9,5,14.8
752,146457,000000146457.jpg,indoor,blazepose,high,100.0,13,17,65.0
753,571857,000000571857.jpg,outdoor,movenet,low,0.0,17,17,14.6
754,500565,000000500565.jpg,indoor,movenet,medium,87.5,8,9,14.8
755,51314,000000051314.jpg,outdoor,blazepose,low,100.0,14,17,64.1
756,9483,000000009483.jpg,indoor,blazepose,medium,100.0,16,17,73.6
757,399462,000000399462.jpg,outdoor,movenet,high,100.0,17,17,15.0
758,243989,000000243989.jpg,outdoor,movenet,high,91.67,12,12,14.6
759,200961,000000200961.jpg,outdoor,movenet,high,58.33,12,14,14.7
760,58350,000000058350.jpg,indoor,movenet,medium,62.5,8,12,14.2
761,25228,000000025228.jpg,outdoor,blazepose,medium,100.0,13,17,65.0
762,54605,000000054605.jpg,indoor,blazepose,high,0.0,5,0,64.0
763,378673,000000378673.jpg,outdoor,blazepose,low,0.0,12,0,12.4
764,552775,000000552775.jpg,indoor,movenet,low,100.0,3,6,13.8
765,204186,000000204186.jpg,outdoor,blazepose,medium,0.0,14,0,12.4
766,306136,000000306136.jpg,outdoor,movenet,medium,100.0,7,16,14.2
767,296224,000000296224.jpg,outdoor,movenet,low,0.0,4,6,14.8
768,300341,000000300341.jpg,indoor,movenet,low,0.0,13,13,17.2
769,426268,000000426268.jpg,outdoor,blazepose,low,0.0,9,0,12.3
770,213033,000000213033.jpg,outdoor,blazepose,medium,100.0,13,17,63.6
771,455937,000000455937.jpg,indoor,movenet,high,100.0,16,16,14.6
772,380706,000000380706.jpg,outdoor,movenet,low,86.67,15,15,16.9
773,523100,000000523100.jpg,indoor,blazepose,low,0.0,2,0,12.6
774,368752,000000368752.jpg,indoor,blazepose,low,100.0,5,17,64.2
775,529122,000000529122.jpg,indoor,blazepose,high,100.0,10,17,64.7
776,228214,000000228214.jpg,indoor,blazepose,low,0.0,12,0,12.3
777,508312,000000508312.jpg,indoor,movenet,low,0.0,6,0,15.6
778,166918,000000166918.jpg,indoor,blazepose,low,0.0,9,17,63.9
779,382125,000000382125.jpg,indoor,movenet,low,88.89,9,11,15.3
780,329614,000000329614.jpg,outdoor,blazepose,high,0.0,8,0,12.3
781,338219,000000338219.jpg,outdoor,blazepose,medium,100.0,10,17,64.6
782,74200,000000074200.jpg,outdoor,blazepose,low,0.0,0,0,12.1
783,370813,000000370813.jpg,outdoor,movenet,medium,0.0,2,0,14.6
784,258388,000000258388.jpg,outdoor,movenet,low,86.67,15,15,14.1
785,516173,000000516173.jpg,outdoor,blazepose,low,100.0,13,17,64.8
786,171190,000000171190.jpg,indoor,blazepose,medium,0.0,16,0,64.6
787,157767,000000157767.jpg,indoor,blazepose,high,0.0,14,0,12.3
788,482735,000000482735.jpg,outdoor,blazepose,low,0.0,16,0,12.0
789,520264,000000520264.jpg,indoor,movenet,low,100.0,11,14,14.6
790,281032,000000281032.jpg,indoor,movenet,high,88.89,9,11,14.8
791,424521,000000424521.jpg,outdoor,blazepose,medium,100.0,13,17,64.6
792,574315,000000574315.jpg,indoor,blazepose,low,0.0,2,0,12.5
793,73533,000000073533.jpg,indoor,blazepose,high,90.91,11,17,64.9
794,35279,000000035279.jpg,indoor,movenet,high,0.0,4,3,15.1
795,407868,000000407868.jpg,outdoor,movenet,low,0.0,15,16,15.2
796,445834,000000445834.jpg,outdoor,movenet,low,92.86,14,14,14.8
797,98716,000000098716.jpg,outdoor,blazepose,low,0.0,7,0,12.2
798,179112,000000179112.jpg,indoor,blazepose,medium,100.0,8,17,64.2
799,72852,000000072852.jpg,outdoor,blazepose,low,0.0,13,0,12.2
800,369442,000000369442.jpg,outdoor,movenet,high,0.0,16,17,14.4
801,349860,000000349860.jpg,outdoor,movenet,high,92.86,14,15,17.8
802,67310,000000067310.jpg,outdoor,movenet,low,100.0,15,17,15.9
803,568195,000000568195.jpg,indoor,blazepose,low,100.0,10,17,64.7
804,146831,000000146831.jpg,outdoor,movenet,low,91.67,12,16,14.7
805,514508,000000514508.jpg,indoor,blazepose,low,0.0,11,17,63.8
806,464144,000000464144.jpg,outdoor,blazepose,high,100.0,15,17,64.3
807,468501,000000468501.jpg,indoor,movenet,medium,0.0,16,14,14.6
808,237118,000000237118.jpg,indoor,blazepose,low,100.0,13,17,64.8
809,311180,000000311180.jpg,indoor,blazepose,low,0.0,1,0,12.4
810,553788,000000553788.jpg,indoor,blazepose,high,100.0,10,17,65.0
811,80153,000000080153.jpg,outdoor,blazepose,medium,100.0,12,17,63.3
812,1584,000000001584.jpg,outdoor,blazepose,medium,0.0,5,0,12.1
813,462904,000000462904.jpg,indoor,blazepose,high,0.0,3,0,12.2
814,329219,000000329219.jpg,indoor,blazepose,high,100.0,12,17,64.6
815,5193,000000005193.jpg,outdoor,blazepose,low,77.78,9,17,64.7
816,151820,000000151820.jpg,indoor,movenet,medium,33.33,9,10,13.7
817,415882,000000415882.jpg,indoor,movenet,high,88.89,9,11,14.7
818,294695,000000294695.jpg,outdoor,blazepose,medium,0.0,15,0,12.7
819,450559,000000450559.jpg,outdoor,blazepose,high,100.0,15,17,65.4
820,375278,000000375278.jpg,indoor,movenet,high,0.0,0,1,14.5
821,29397,000000029397.jpg,outdoor,movenet,high,0.0,2,0,18.5
822,199055,000000199055.jpg,outdoor,movenet,low,100.0,16,17,15.0
823,93717,000000093717.jpg,outdoor,blazepose,medium,100.0,16,17,64.4
824,479248,000000479248.jpg,indoor,movenet,medium,0.0,8,17,14.2
825,281759,000000281759.jpg,outdoor,movenet,medium,100.0,16,17,14.5
826,89648,000000089648.jpg,indoor,movenet,low,86.67,15,14,14.7
827,397351,000000397351.jpg,outdoor,movenet,medium,90.91,11,12,14.5
828,450303,000000450303.jpg,indoor,blazepose,low,12.5,8,17,64.3
829,69356,000000069356.jpg,outdoor,blazepose,low,0.0,16,17,64.3
830,489611,000000489611.jpg,indoor,blazepose,low,100.0,10,17,64.7
831,12280,000000012280.jpg,indoor,blazepose,high,0.0,13,0,12.5
832,497344,000000497344.jpg,indoor,movenet,low,85.71,7,7,14.6
833,159399,000000159399.jpg,outdoor,movenet,medium,100.0,11,17,14.7
834,198510,000000198510.jpg,outdoor,movenet,medium,100.0,8,8,15.2
835,322724,000000322724.jpg,outdoor,blazepose,medium,100.0,14,17,63.3
836,378284,000000378284.jpg,indoor,blazepose,medium,0.0,4,0,12.3
837,309655,000000309655.jpg,outdoor,movenet,high,100.0,13,17,15.1
838,202001,000000202001.jpg,indoor,movenet,low,100.0,8,10,15.4
839,381971,000000381971.jpg,outdoor,blazepose,medium,0.0,8,17,64.8
840,123213,000000123213.jpg,outdoor,blazepose,high,100.0,16,17,66.5
841,21839,000000021839.jpg,outdoor,movenet,medium,100.0,17,17,15.2
842,329455,000000329455.jpg,indoor,blazepose,high,0.0,4,0,12.6
843,125129,000000125129.jpg,indoor,blazepose,high,100.0,16,17,63.7
844,222458,000000222458.jpg,outdoor,movenet,high,0.0,14,17,14.7
845,257169,000000257169.jpg,indoor,blazepose,high,100.0,1,17,64.9
846,240250,000000240250.jpg,indoor,movenet,high,100.0,11,13,14.5
847,424135,000000424135.jpg,indoor,movenet,high,0.0,14,7,15.7
848,480936,000000480936.jpg,indoor,movenet,medium,100.0,17,17,14.6
849,50811,000000050811.jpg,indoor,blazepose,high,100.0,11,17,63.9
850,515577,000000515577.jpg,outdoor,movenet,low,93.33,15,16,15.0
851,109313,000000109313.jpg,indoor,movenet,low,100.0,14,16,14.9
852,437205,000000437205.jpg,indoor,movenet,high,88.89,9,9,17.5
853,414170,000000414170.jpg,outdoor,movenet,high,100.0,17,17,15.9
854,568710,000000568710.jpg,indoor,movenet,medium,0.0,3,5,14.7
855,376322,000000376322.jpg,indoor,movenet,high,28.57,7,13,15.6
856,463542,000000463542.jpg,outdoor,blazepose,medium,0.0,17,0,12.2
857,335328,000000335328.jpg,outdoor,movenet,low,0.0,10,13,15.0
858,92053,000000092053.jpg,indoor,movenet,medium,0.0,1,0,14.5
859,434459,000000434459.jpg,indoor,movenet,low,0.0,14,13,15.2
860,460333,000000460333.jpg,indoor,blazepose,medium,0.0,17,17,65.5
861,194471,000000194471.jpg,outdoor,movenet,high,100.0,15,17,15.1
862,568439,000000568439.jpg,outdoor,movenet,high,100.0,16,17,15.6
863,402615,000000402615.jpg,outdoor,blazepose,low,0.0,13,0,12.5
864,348881,000000348881.jpg,outdoor,movenet,low,100.0,13,17,16.0
865,351810,000000351810.jpg,indoor,blazepose,high,100.0,6,17,64.2
866,567011,000000567011.jpg,outdoor,blazepose,high,100.0,12,17,65.0
867,466986,000000466986.jpg,indoor,blazepose,medium,100.0,7,17,64.0
868,287347,000000287347.jpg,indoor,blazepose,low,100.0,11,17,64.4
869,291634,000000291634.jpg,outdoor,blazepose,medium,0.0,15,0,12.2
870,143931,000000143931.jpg,outdoor,blazepose,medium,0.0,6,0,12.3
871,293625,000000293625.jpg,indoor,movenet,low,92.31,13,12,15.6
872,151051,000000151051.jpg,outdoor,movenet,medium,100.0,8,14,14.0
873,537270,000000537270.jpg,indoor,blazepose,low,90.0,10,17,63.5
874,189475,000000189475.jpg,indoor,blazepose,low,100.0,8,17,64.2
875,276434,000000276434.jpg,indoor,blazepose,high,0.0,0,17,64.7
876,251824,000000251824.jpg,indoor,blazepose,high,0.0,2,0,12.3
877,193429,000000193429.jpg,outdoor,movenet,low,93.75,16,15,14.7
878,442463,000000442463.jpg,outdoor,movenet,high,100.0,15,17,15.0
879,497599,000000497599.jpg,indoor,blazepose,high,0.0,9,0,12.3
880,16249,000000016249.jpg,outdoor,blazepose,medium,0.0,14,17,63.9
881,231508,000000231508.jpg,outdoor,blazepose,high,100.0,15,17,64.0
882,542127,000000542127.jpg,outdoor,movenet,medium,0.0,10,14,15.5
883,402720,000000402720.jpg,indoor,movenet,high,70.0,10,11,15.0
884,565853,000000565853.jpg,indoor,movenet,medium,100.0,12,17,15.2
885,563267,000000563267.jpg,indoor,movenet,high,90.0,10,13,22.2
886,177015,000000177015.jpg,indoor,movenet,high,100.0,9,12,15.8
887,146358,000000146358.jpg,indoor,blazepose,medium,100.0,10,17,64.3
888,13546,000000013546.jpg,outdoor,movenet,low,92.86,14,15,14.9
889,407083,000000407083.jpg,outdoor,blazepose,high,0.0,3,0,12.6
890,476258,000000476258.jpg,outdoor,blazepose,medium,100.0,16,17,63.6
891,537991,000000537991.jpg,indoor,movenet,low,100.0,13,13,15.4
892,416451,000000416451.jpg,indoor,movenet,high,0.0,12,15,15.6
893,96493,000000096493.jpg,indoor,movenet,high,100.0,10,12,15.9
894,496571,000000496571.jpg,indoor,movenet,medium,100.0,6,11,14.5
895,262048,000000262048.jpg,outdoor,movenet,low,8.33,12,7,14.8
896,562229,000000562229.jpg,outdoor,blazepose,low,0.0,17,0,63.4
897,301718,000000301718.jpg,indoor,movenet,low,87.5,8,12,14.5
898,35197,000000035197.jpg,outdoor,movenet,low,0.0,16,3,15.2
899,23899,000000023899.jpg,indoor,blazepose,medium,100.0,9,17,64.5
900,94614,000000094614.jpg,outdoor,blazepose,high,100.0,17,17,64.6
901,570471,000000570471.jpg,indoor,movenet,medium,100.0,8,10,14.8
902,82085,000000082085.jpg,outdoor,movenet,high,86.67,15,15,16.2
903,262587,000000262587.jpg,outdoor,blazepose,low,0.0,14,0,12.2
904,437239,000000437239.jpg,outdoor,blazepose,medium,0.0,17,0,12.1
905,469067,000000469067.jpg,indoor,movenet,medium,83.33,12,11,14.5
906,477955,000000477955.jpg,outdoor,blazepose,medium,100.0,12,17,63.6
907,372349,000000372349.jpg,indoor,blazepose,high,100.0,17,17,63.5
908,117908,000000117908.jpg,indoor,blazepose,high,0.0,3,0,12.1
909,498807,000000498807.jpg,outdoor,blazepose,high,100.0,15,17,63.6
910,341196,000000341196.jpg,outdoor,blazepose,medium,0.0,15,0,12.5
911,546219,000000546219.jpg,indoor,movenet,high,0.0,9,11,14.4
912,384666,000000384666.jpg,outdoor,blazepose,high,100.0,14,17,64.7
913,521141,000000521141.jpg,outdoor,blazepose,high,100.0,12,17,63.6
914,257370,000000257370.jpg,indoor,blazepose,high,100.0,11,17,63.8
915,273132,000000273132.jpg,outdoor,movenet,medium,100.0,14,14,14.8
916,398237,000000398237.jpg,outdoor,blazepose,low,0.0,15,0,12.8
917,367195,000000367195.jpg,indoor,blazepose,medium,0.0,1,0,12.1
918,455624,000000455624.jpg,outdoor,blazepose,high,0.0,12,0,12.4
919,157601,000000157601.jpg,indoor,movenet,high,100.0,6,6,15.2
920,336232,000000336232.jpg,outdoor,blazepose,high,100.0,15,17,63.4
921,68093,000000068093.jpg,outdoor,blazepose,high,100.0,14,17,63.7
922,375469,000000375469.jpg,outdoor,movenet,high,0.0,12,0,15.0
923,135604,000000135604.jpg,outdoor,blazepose,medium,100.0,15,17,64.7
924,405195,000000405195.jpg,indoor,blazepose,high,0.0,3,0,12.2
925,309391,000000309391.jpg,outdoor,movenet,medium,100.0,12,17,14.6
926,493286,000000493286.jpg,outdoor,movenet,high,0.0,8,17,14.1
927,84492,000000084492.jpg,outdoor,blazepose,low,100.0,14,17,64.1
928,39405,000000039405.jpg,outdoor,blazepose,low,0.0,12,0,12.4
929,473121,000000473121.jpg,outdoor,blazepose,high,93.33,15,17,64.1
930,342367,000000342367.jpg,indoor,blazepose,medium,100.0,12,17,64.0
931,355257,000000355257.jpg,indoor,blazepose,high,100.0,10,17,64.2
932,139,000000000139.jpg,indoor,movenet,medium,92.86,14,15,14.8
933,437331,000000437331.jpg,outdoor,movenet,low,73.33,15,14,15.5
934,215259,000000215259.jpg,indoor,movenet,high,93.75,16,16,15.4
935,275058,000000275058.jpg,outdoor,movenet,low,66.67,12,13,15.5
936,209829,000000209829.jpg,outdoor,movenet,high,100.0,15,17,15.7
937,389684,000000389684.jpg,outdoor,blazepose,low,0.0,14,0,13.6
938,333745,000000333745.jpg,outdoor,movenet,low,100.0,16,17,14.4
939,361586,000000361586.jpg,indoor,movenet,medium,0.0,8,13,15.0
940,388927,000000388927.jpg,indoor,blazepose,high,0.0,4,0,12.7
941,33638,000000033638.jpg,indoor,movenet,low,100.0,13,17,14.7
942,64868,000000064868.jpg,indoor,movenet,high,92.86,14,14,15.3
943,123633,000000123633.jpg,indoor,blazepose,low,38.46,13,17,64.3
944,223747,000000223747.jpg,indoor,movenet,low,0.0,4,0,14.7
945,408696,000000408696.jpg,indoor,movenet,low,100.0,16,17,15.0
946,541055,000000541055.jpg,outdoor,blazepose,medium,0.0,17,17,64.1
947,289222,000000289222.jpg,outdoor,movenet,medium,0.0,5,10,17.4
948,31817,000000031817.jpg,outdoor,blazepose,medium,0.0,13,0,12.5
949,345252,000000345252.jpg,indoor,blazepose,medium,100.0,12,17,64.5
950,58393,000000058393.jpg,outdoor,movenet,low,100.0,2,7,16.1
951,561958,000000561958.jpg,outdoor,blazepose,high,0.0,13,17,64.1
952,440475,000000440475.jpg,indoor,movenet,low,0.0,12,10,18.9
953,506178,000000506178.jpg,indoor,movenet,low,91.67,12,12,14.6
954,88848,000000088848.jpg,outdoor,blazepose,low,100.0,12,17,64.6
955,211674,000000211674.jpg,outdoor,blazepose,low,0.0,8,0,12.1
956,465549,000000465549.jpg,indoor,movenet,high,8.33,12,12,14.7
957,294350,000000294350.jpg,indoor,movenet,medium,63.64,11,9,14.7
958,9891,000000009891.jpg,outdoor,blazepose,medium,100.0,13,17,64.5
959,293794,000000293794.jpg,outdoor,blazepose,high,0.0,8,0,12.6
960,246963,000000246963.jpg,outdoor,blazepose,medium,12.5,8,17,69.1
961,260261,000000260261.jpg,outdoor,movenet,high,100.0,11,16,15.5
962,242946,000000242946.jpg,indoor,blazepose,medium,0.0,8,17,64.0
963,549390,000000549390.jpg,outdoor,blazepose,high,100.0,15,17,64.4
964,413689,000000413689.jpg,outdoor,blazepose,low,100.0,14,17,64.0
965,532855,000000532855.jpg,outdoor,movenet,high,25.0,4,2,14.7
966,196141,000000196141.jpg,outdoor,blazepose,medium,0.0,17,17,64.5
967,427034,000000427034.jpg,indoor,movenet,medium,0.0,1,6,13.9
968,396200,000000396200.jpg,outdoor,movenet,medium,0.0,16,17,15.2
969,542776,000000542776.jpg,indoor,blazepose,medium,0.0,0,17,64.5
970,553731,000000553731.jpg,indoor,blazepose,high,0.0,11,0,12.5
971,424551,000000424551.jpg,outdoor,movenet,medium,100.0,15,17,15.0
972,75612,000000075612.jpg,indoor,blazepose,high,100.0,16,17,64.7
973,193245,000000193245.jpg,outdoor,movenet,high,0.0,14,16,15.6
974,468577,000000468577.jpg,indoor,blazepose,medium,100.0,15,17,64.2
975,54654,000000054654.jpg,indoor,movenet,low,100.0,12,14,14.5
976,15335,000000015335.jpg,indoor,blazepose,low,0.0,9,0,12.3
977,276055,000000276055.jpg,indoor,blazepose,medium,100.0,10,17,64.8
978,375493,000000375493.jpg,outdoor,movenet,medium,92.86,14,15,15.9
979,73153,000000073153.jpg,indoor,movenet,high,100.0,13,14,15.5
980,361238,000000361238.jpg,indoor,movenet,medium,100.0,8,13,14.0
981,521819,000000521819.jpg,outdoor,blazepose,low,0.0,14,0,12.6
982,88951,000000088951.jpg,outdoor,blazepose,medium,100.0,16,17,65.7
983,38118,000000038118.jpg,outdoor,blazepose,medium,100.0,15,17,63.9
984,452784,000000452784.jpg,indoor,movenet,medium,0.0,2,3,14.0
985,46048,000000046048.jpg,indoor,movenet,medium,88.89,9,12,15.8
986,232649,000000232649.jpg,indoor,movenet,medium,100.0,7,13,17.6
987,209757,000000209757.jpg,outdoor,blazepose,medium,100.0,16,17,64.2
988,144984,000000144984.jpg,indoor,movenet,low,100.0,10,12,14.4
989,275749,000000275749.jpg,indoor,blazepose,high,72.73,11,17,64.0
990,371749,000000371749.jpg,indoor,blazepose,medium,100.0,8,17,63.7
991,545007,000000545007.jpg,indoor,blazepose,medium,25.0,16,17,63.9
992,11511,000000011511.jpg,outdoor,blazepose,high,0.0,14,0,12.3
993,149770,000000149770.jpg,outdoor,blazepose,high,100.0,14,17,63.9
994,489924,000000489924.jpg,outdoor,blazepose,low,0.0,9,0,12.3
995,231580,000000231580.jpg,indoor,blazepose,high,100.0,14,17,64.0
996,425221,000000425221.jpg,outdoor,blazepose,low,100.0,8,17,64.6
997,455597,000000455597.jpg,indoor,movenet,low,0.0,5,7,15.1
998,514586,000000514586.jpg,outdoor,movenet,medium,92.31,13,13,14.8
999,177539,000000177539.jpg,outdoor,movenet,low,100.0,4,6,17.2
1000,37751,000000037751.jpg,outdoor,blazepose,medium,0.0,13,0,12.2
1001,313034,000000313034.jpg,indoor,movenet,high,100.0,7,11,15.2
1002,288430,000000288430.jpg,outdoor,movenet,low,0.0,16,15,14.4
1003,61584,000000061584.jpg,indoor,blazepose,medium,100.0,13,17,63.9
1004,380913,000000380913.jpg,indoor,blazepose,high,87.5,16,17,64.1
1005,463918,000000463918.jpg,indoor,movenet,high,92.31,13,13,14.6
1006,579307,000000579307.jpg,outdoor,movenet,medium,83.33,12,15,17.9
1007,357978,000000357978.jpg,indoor,movenet,medium,100.0,16,16,17.6
1008,345385,000000345385.jpg,indoor,blazepose,medium,100.0,8,17,65.4
1009,356612,000000356612.jpg,outdoor,blazepose,medium,0.0,14,17,64.0
1010,179141,000000179141.jpg,indoor,blazepose,medium,0.0,11,0,12.0
1011,156292,000000156292.jpg,indoor,blazepose,high,0.0,16,0,12.2
1012,486104,000000486104.jpg,outdoor,blazepose,medium,0.0,15,17,65.1
1013,563604,000000563604.jpg,outdoor,movenet,high,100.0,11,17,14.3
1014,137106,000000137106.jpg,indoor,blazepose,medium,0.0,2,0,12.3
1015,30504,000000030504.jpg,outdoor,blazepose,high,100.0,12,17,64.8
1016,117197,000000117197.jpg,indoor,blazepose,medium,100.0,14,17,64.9
1017,785,000000000785.jpg,outdoor,blazepose,low,100.0,17,17,70.1
1018,413395,000000413395.jpg,indoor,movenet,medium,100.0,8,11,14.8
1019,343453,000000343453.jpg,outdoor,blazepose,medium,100.0,15,17,65.1
1020,305609,000000305609.jpg,indoor,movenet,medium,0.0,2,0,15.1
1021,79031,000000079031.jpg,outdoor,blazepose,high,100.0,15,17,64.5
1022,445722,000000445722.jpg,outdoor,blazepose,low,0.0,2,0,12.3
1023,169996,000000169996.jpg,outdoor,movenet,high,90.91,11,13,14.6
1024,54593,000000054593.jpg,outdoor,movenet,low,87.5,16,15,15.0
1025,30828,000000030828.jpg,outdoor,movenet,medium,8.33,12,5,17.4
1026,328238,000000328238.jpg,outdoor,blazepose,low,100.0,15,17,64.8
1027,167572,000000167572.jpg,indoor,blazepose,medium,0.0,1,0,12.1
1028,558854,000000558854.jpg,indoor,movenet,high,100.0,1,2,14.8
1029,111609,000000111609.jpg,indoor,movenet,medium,0.0,5,0,17.5
1030,494913,000000494913.jpg,indoor,movenet,low,0.0,16,1,15.1
1031,221291,000000221291.jpg,outdoor,blazepose,medium,100.0,12,17,64.3
1032,274460,000000274460.jpg,outdoor,movenet,high,76.47,17,13,14.9
1033,474095,000000474095.jpg,indoor,movenet,low,93.75,16,16,15.6
1034,263403,000000263403.jpg,outdoor,movenet,low,100.0,9,17,14.8
1035,433980,000000433980.jpg,indoor,movenet,high,0.0,7,1,14.8
1036,512985,000000512985.jpg,outdoor,blazepose,low,100.0,14,17,64.2
1037,214720,000000214720.jpg,indoor,movenet,low,81.82,11,11,14.8
1038,7278,000000007278.jpg,outdoor,movenet,high,58.33,12,11,14.9
1039,504074,000000504074.jpg,indoor,movenet,low,7.14,14,14,15.0
1040,109900,000000109900.jpg,outdoor,movenet,high,37.5,16,6,14.7
1041,94326,000000094326.jpg,outdoor,movenet,medium,100.0,10,14,14.1
1042,102356,000000102356.jpg,outdoor,movenet,low,93.33,15,16,14.4
1043,447611,000000447611.jpg,indoor,movenet,medium,0.0,1,0,13.5
1044,245448,000000245448.jpg,outdoor,movenet,low,57.14,14,16,14.6
1045,420916,000000420916.jpg,outdoor,movenet,medium,100.0,7,8,15.1
1046,404805,000000404805.jpg,outdoor,movenet,high,88.89,9,11,15.2
1047,121591,000000121591.jpg,outdoor,blazepose,high,100.0,14,17,63.6
1048,431876,000000431876.jpg,outdoor,blazepose,high,0.0,8,0,12.4
1049,252507,000000252507.jpg,outdoor,movenet,high,100.0,15,17,15.1
1050,480021,000000480021.jpg,outdoor,blazepose,medium,0.0,16,0,12.1
1051,570539,000000570539.jpg,outdoor,blazepose,high,0.0,10,17,64.1
1052,422706,000000422706.jpg,outdoor,blazepose,medium,100.0,3,17,63.6
1053,9772,000000009772.jpg,indoor,movenet,high,100.0,13,17,15.3
1054,376093,000000376093.jpg,indoor,movenet,medium,61.54,13,13,15.3
1055,437514,000000437514.jpg,outdoor,movenet,low,0.0,1,15,14.5
1056,565778,000000565778.jpg,outdoor,movenet,high,91.67,12,13,15.6
1057,193926,000000193926.jpg,outdoor,blazepose,high,0.0,2,0,12.7
1058,488592,000000488592.jpg,outdoor,movenet,low,100.0,9,17,14.9
1059,48564,000000048564.jpg,indoor,blazepose,high,100.0,10,17,65.7
1060,18837,000000018837.jpg,outdoor,movenet,high,69.23,13,13,14.9
1061,306437,000000306437.jpg,outdoor,blazepose,medium,100.0,16,17,64.8
1062,463618,000000463618.jpg,indoor,blazepose,medium,100.0,12,17,64.0
1063,170613,000000170613.jpg,outdoor,movenet,low,36.36,11,13,15.5
1064,572620,000000572620.jpg,outdoor,movenet,high,0.0,16,15,14.5
1065,157928,000000157928.jpg,outdoor,blazepose,low,0.0,16,0,12.2
1066,132544,000000132544.jpg,outdoor,movenet,low,12.5,16,14,14.4
1067,352760,000000352760.jpg,outdoor,movenet,high,100.0,17,17,15.2
1068,368212,000000368212.jpg,indoor,blazepose,medium,100.0,17,17,63.9
1069,170116,000000170116.jpg,indoor,blazepose,high,0.0,5,0,12.5
1070,438774,000000438774.jpg,indoor,movenet,medium,25.0,12,16,15.3
1071,549055,000000549055.jpg,outdoor,blazepose,low,0.0,10,0,12.5
1072,227491,000000227491.jpg,outdoor,movenet,high,100.0,17,17,14.1
1073,224222,000000224222.jpg,outdoor,movenet,high,100.0,16,17,17.0
1074,216296,000000216296.jpg,indoor,movenet,medium,0.0,16,15,15.0
1075,182155,000000182155.jpg,indoor,blazepose,high,100.0,10,17,64.6
1076,52996,000000052996.jpg,indoor,movenet,medium,0.0,15,9,14.9
1077,465179,000000465179.jpg,indoor,movenet,medium,100.0,12,13,15.3
1078,6460,000000006460.jpg,outdoor,blazepose,high,92.86,14,17,63.7
1079,190007,000000190007.jpg,outdoor,movenet,low,100.0,14,17,15.5
1080,535306,000000535306.jpg,outdoor,blazepose,medium,0.0,3,0,63.8
1081,556193,000000556193.jpg,indoor,movenet,high,90.91,11,12,14.8
1082,557916,000000557916.jpg,indoor,blazepose,low,0.0,13,0,12.2
1083,281414,000000281414.jpg,indoor,movenet,low,93.75,16,16,15.8
1084,351096,000000351096.jpg,indoor,blazepose,high,0.0,1,0,12.3
1085,92416,000000092416.jpg,outdoor,movenet,medium,100.0,12,13,14.3
1086,424975,000000424975.jpg,outdoor,blazepose,low,0.0,12,0,12.3
1087,213255,000000213255.jpg,outdoor,blazepose,high,100.0,11,17,64.8
1088,363207,000000363207.jpg,indoor,movenet,high,0.0,9,12,14.2
1089,322163,000000322163.jpg,indoor,movenet,low,0.0,10,10,14.0
1090,256775,000000256775.jpg,outdoor,blazepose,high,0.0,16,0,12.5
1091,170099,000000170099.jpg,indoor,blazepose,high,100.0,13,17,64.4
1092,540414,000000540414.jpg,outdoor,movenet,medium,87.5,16,15,15.1
1093,123480,000000123480.jpg,indoor,movenet,low,100.0,9,9,14.9
1094,107339,000000107339.jpg,indoor,movenet,high,100.0,14,17,14.5
1095,350002,000000350002.jpg,indoor,movenet,medium,92.86,14,14,14.0
1096,579070,000000579070.jpg,indoor,blazepose,high,100.0,10,17,64.6
1097,578545,000000578545.jpg,indoor,blazepose,high,100.0,8,17,65.2
1098,78404,000000078404.jpg,outdoor,blazepose,high,100.0,11,17,64.3
1099,200421,000000200421.jpg,indoor,blazepose,low,100.0,6,17,64.3
1100,6771,000000006771.jpg,indoor,blazepose,high,100.0,11,17,68.2
1101,448256,000000448256.jpg,outdoor,movenet,medium,14.29,14,11,14.7
1102,236308,000000236308.jpg,outdoor,blazepose,high,0.0,12,0,12.2
1103,66771,000000066771.jpg,indoor,blazepose,high,100.0,9,17,66.4
1104,338624,000000338624.jpg,outdoor,blazepose,low,100.0,16,17,64.9
1105,569976,000000569976.jpg,indoor,movenet,high,100.0,10,11,15.1
1106,450202,000000450202.jpg,indoor,blazepose,low,0.0,3,0,12.0
1107,212453,000000212453.jpg,indoor,blazepose,low,0.0,14,0,12.3
1108,151000,000000151000.jpg,indoor,blazepose,medium,0.0,15,0,12.1
1109,110042,000000110042.jpg,indoor,movenet,medium,70.0,10,11,15.6
1110,224119,000000224119.jpg,indoor,movenet,low,25.0,4,2,14.2
1111,252294,000000252294.jpg,indoor,movenet,medium,71.43,7,8,14.7
1112,2261,000000002261.jpg,outdoor,movenet,medium,83.33,6,13,14.6
1113,274708,000000274708.jpg,outdoor,movenet,low,100.0,12,17,14.9
1114,64523,000000064523.jpg,outdoor,blazepose,high,0.0,17,0,12.5
1115,349184,000000349184.jpg,outdoor,blazepose,low,0.0,1,0,63.6
1116,201646,000000201646.jpg,indoor,movenet,high,100.0,6,10,14.3
1117,209530,000000209530.jpg,indoor,movenet,high,90.0,10,11,16.1
1118,292456,000000292456.jpg,outdoor,blazepose,medium,7.69,13,17,65.1
1119,309467,000000309467.jpg,outdoor,movenet,medium,0.0,12,15,14.0
1120,301135,000000301135.jpg,outdoor,movenet,high,6.67,15,17,15.3
1121,394199,000000394199.jpg,outdoor,blazepose,low,100.0,7,17,65.0
1122,463730,000000463730.jpg,outdoor,blazepose,high,100.0,16,17,64.2
1123,532481,000000532481.jpg,outdoor,movenet,medium,66.67,12,15,14.4
1124,22705,000000022705.jpg,indoor,movenet,high,100.0,17,17,14.9
1125,88345,000000088345.jpg,indoor,movenet,high,100.0,7,7,14.8
1126,422886,000000422886.jpg,indoor,movenet,low,87.5,8,8,14.6
1127,156076,000000156076.jpg,indoor,blazepose,high,100.0,8,17,65.5
1128,428454,000000428454.jpg,outdoor,blazepose,low,100.0,11,17,64.7
1129,137294,000000137294.jpg,indoor,blazepose,high,100.0,9,17,64.8
1130,459272,000000459272.jpg,indoor,blazepose,medium,100.0,8,17,64.2
1131,172935,000000172935.jpg,outdoor,blazepose,low,0.0,13,0,12.2
1132,54164,000000054164.jpg,outdoor,blazepose,low,100.0,16,17,64.0
1133,115870,000000115870.jpg,indoor,movenet,high,0.0,15,12,16.0
1134,1296,000000001296.jpg,indoor,blazepose,medium,0.0,8,0,12.3
1135,187249,000000187249.jpg,indoor,blazepose,high,0.0,4,0,12.2
1136,53529,000000053529.jpg,outdoor,movenet,high,50.0,2,4,14.5
1137,278973,000000278973.jpg,outdoor,blazepose,low,100.0,14,17,64.2
1138,479126,000000479126.jpg,indoor,blazepose,high,0.0,15,17,64.2
1139,172617,000000172617.jpg,indoor,blazepose,medium,0.0,10,0,12.2
1140,119365,000000119365.jpg,indoor,blazepose,medium,60.0,5,17,65.1
1141,312720,000000312720.jpg,outdoor,blazepose,low,0.0,10,0,12.5
1142,114907,000000114907.jpg,outdoor,blazepose,high,0.0,11,17,64.5
1143,278848,000000278848.jpg,outdoor,blazepose,medium,0.0,13,0,12.4
1144,231339,000000231339.jpg,indoor,movenet,medium,90.91,11,14,14.8
1145,60899,000000060899.jpg,indoor,blazepose,low,100.0,16,17,63.9
1146,491090,000000491090.jpg,outdoor,blazepose,high,100.0,14,17,65.2
1147,187990,000000187990.jpg,outdoor,blazepose,high,100.0,13,17,64.3
1148,404484,000000404484.jpg,indoor,blazepose,medium,100.0,12,17,64.8
1149,468965,000000468965.jpg,outdoor,movenet,high,40.0,15,15,14.8
1150,150649,000000150649.jpg,outdoor,movenet,high,0.0,16,16,14.8
1151,410880,000000410880.jpg,outdoor,blazepose,low,0.0,6,17,64.0
1152,166747,000000166747.jpg,outdoor,blazepose,low,0.0,14,17,64.2
1153,534827,000000534827.jpg,outdoor,blazepose,medium,0.0,14,0,64.1
1154,411530,000000411530.jpg,outdoor,movenet,high,0.0,14,10,14.9
1155,449312,000000449312.jpg,outdoor,movenet,low,87.5,8,10,15.8
1156,154004,000000154004.jpg,outdoor,movenet,high,0.0,14,15,16.0
1157,180751,000000180751.jpg,indoor,blazepose,low,100.0,10,17,64.4
1158,505789,000000505789.jpg,indoor,blazepose,low,0.0,10,0,12.6
1159,122672,000000122672.jpg,outdoor,movenet,low,100.0,11,14,14.3
1160,433915,000000433915.jpg,indoor,movenet,low,100.0,5,7,16.2
1161,461751,000000461751.jpg,outdoor,movenet,high,100.0,11,12,14.5
1162,52591,000000052591.jpg,outdoor,movenet,low,88.24,17,15,14.4
1163,58539,000000058539.jpg,outdoor,blazepose,medium,50.0,8,17,63.8
1164,568814,000000568814.jpg,indoor,movenet,medium,100.0,7,11,18.8
1165,132587,000000132587.jpg,outdoor,movenet,medium,100.0,15,16,15.2
1166,249180,000000249180.jpg,indoor,movenet,low,0.0,11,15,15.0
1167,318138,000000318138.jpg,indoor,blazepose,low,9.09,11,17,64.5
1168,129812,000000129812.jpg,outdoor,movenet,high,100.0,4,5,14.5
1169,95155,000000095155.jpg,outdoor,blazepose,low,0.0,17,0,12.2
1170,154718,000000154718.jpg,indoor,movenet,low,0.0,6,0,15.4
1171,331817,000000331817.jpg,indoor,blazepose,high,0.0,2,0,12.4
1172,12670,000000012670.jpg,indoor,blazepose,low,0.0,13,17,64.2
1173,361730,000000361730.jpg,outdoor,blazepose,high,68.75,16,17,65.5
1174,482585,000000482585.jpg,outdoor,movenet,low,63.64,11,10,14.0
1175,306139,000000306139.jpg,indoor,movenet,low,0.0,10,4,15.0
1176,32887,000000032887.jpg,indoor,movenet,medium,100.0,17,17,14.3
1177,182611,000000182611.jpg,indoor,blazepose,medium,100.0,11,17,64.8
1178,122166,000000122166.jpg,outdoor,blazepose,high,100.0,15,17,65.1
1179,286182,000000286182.jpg,indoor,blazepose,high,100.0,8,17,64.4
1180,550349,000000550349.jpg,outdoor,movenet,high,57.14,14,15,15.1
1181,471023,000000471023.jpg,outdoor,movenet,high,0.0,2,0,20.2
1182,17436,000000017436.jpg,outdoor,blazepose,medium,0.0,16,0,12.8
1183,273198,000000273198.jpg,outdoor,blazepose,low,0.0,10,0,63.3
1184,32817,000000032817.jpg,indoor,movenet,low,37.5,8,5,14.1
1185,254368,000000254368.jpg,indoor,blazepose,low,0.0,10,0,12.1
1186,490936,000000490936.jpg,outdoor,movenet,medium,100.0,15,17,14.7
1187,187585,000000187585.jpg,outdoor,movenet,high,73.33,15,12,15.1
1188,506933,000000506933.jpg,indoor,blazepose,high,0.0,6,0,12.5
1189,488166,000000488166.jpg,indoor,movenet,low,77.78,9,8,14.6
1190,80273,000000080273.jpg,outdoor,blazepose,medium,100.0,15,17,64.2
1191,173302,000000173302.jpg,indoor,blazepose,low,0.0,7,0,12.4
1192,192607,000000192607.jpg,outdoor,blazepose,low,0.0,16,0,12.3
1193,558114,000000558114.jpg,indoor,movenet,low,81.25,16,14,15.3
1194,259640,000000259640.jpg,outdoor,movenet,medium,0.0,12,11,16.2
1195,564091,000000564091.jpg,indoor,movenet,low,93.75,16,16,15.8
1196,374982,000000374982.jpg,indoor,blazepose,high,100.0,11,17,65.9
1197,135410,000000135410.jpg,outdoor,blazepose,low,0.0,12,0,12.3
1198,112997,000000112997.jpg,indoor,movenet,low,0.0,1,1,15.1
1199,439180,000000439180.jpg,outdoor,blazepose,medium,0.0,14,0,12.4
1200,128699,000000128699.jpg,outdoor,blazepose,low,100.0,12,17,63.7
